<?xml version="1.0" encoding="UTF-8" standalone="yes"?>
<planning xmlns:xsi="http://www.w3.org/2001/XMLSchema-instance" version="1" xsi:schemaLocation=" " xsi:noNamespaceSchemaLocation=" ">
    <dateTime>Mon Mar 12 16:49:20 GMT 2012</dateTime>
    <planList xsi:type="plan" version="1">
        <dateTime>Mon Mar 12 16:49:20 GMT 2012</dateTime>
        <presetPlanItem>
            <description>1. Assign the resources required for model building and training, which was identified in phase 4.</description>
            <subPlanList xsi:type="planItem">
                <optional>false</optional>
            </subPlanList>
            <optional>false</optional>
        </presetPlanItem>
        <customisedPlanItem>
            <description>1. Assign the resources required for model building and training, which was identified in phase 4.</description>
            <subPlanList xsi:type="planItem">
                <description></description>
                <optional>false</optional>
            </subPlanList>
            <optional>false</optional>
        </customisedPlanItem>
        <objectives version="1">
            <dateTime>Mon Mar 12 16:49:20 GMT 2012</dateTime>
            <objectivesList xsi:type="phaseObjective" version="1">
                <dateTime>Mon Mar 12 16:49:20 GMT 2012</dateTime>
                <objectiveType>FUNCTIONAL</objectiveType>
                <presetDescription>1. Building a data  mining model  using  the  metabolomics  data  acclimatised  in the previous phase to fulfil the defined process objectives.</presetDescription>
                <fulfilled>false</fulfilled>
                <customisedDescription>1. Building a data  mining model  using  the  metabolomics  data  acclimatised  in the previous phase to fulfil the defined process objectives.</customisedDescription>
                <customised>true</customised>
            </objectivesList>
        </objectives>
        <customised>true</customised>
        <performed>false</performed>
    </planList>
    <planList xsi:type="plan" version="1">
        <dateTime>Mon Mar 12 16:49:20 GMT 2012</dateTime>
        <presetPlanItem>
            <description>2. Build a data mining model with the technique selected in phase 4 and using the data split acclimatised in phase 5, which was allocated for model building and training.</description>
            <subPlanList xsi:type="planItem">
                <optional>false</optional>
            </subPlanList>
            <optional>false</optional>
        </presetPlanItem>
        <customisedPlanItem>
            <description>2. Build a data mining model with the technique selected in phase 4 and using the data split acclimatised in phase 5, which was allocated for model building and training.</description>
            <subPlanList xsi:type="planItem">
                <description></description>
                <optional>false</optional>
            </subPlanList>
            <optional>false</optional>
        </customisedPlanItem>
        <objectives version="1">
            <dateTime>Mon Mar 12 16:49:20 GMT 2012</dateTime>
            <objectivesList xsi:type="phaseObjective" version="1">
                <dateTime>Mon Mar 12 16:49:20 GMT 2012</dateTime>
                <objectiveType>FUNCTIONAL</objectiveType>
                <presetDescription>1. Building a data  mining model  using  the  metabolomics  data  acclimatised  in the previous phase to fulfil the defined process objectives.</presetDescription>
                <fulfilled>false</fulfilled>
                <customisedDescription>1. Building a data  mining model  using  the  metabolomics  data  acclimatised  in the previous phase to fulfil the defined process objectives.</customisedDescription>
                <customised>true</customised>
            </objectivesList>
        </objectives>
        <resources>
            <resourcesList xsi:type="resource">
                <description>Orange</description>
                <resourceType>SOFTWARE</resourceType>
                <cost>0.0</cost>
                <quantiy>0.0</quantiy>
                <requirements>
                    <requirementsList xsi:type="resource">
                        <cost>0.0</cost>
                        <quantiy>0.0</quantiy>
                    </requirementsList>
                </requirements>
            </resourcesList>
            <resourcesList xsi:type="resource">
                <description>TANAGRA</description>
                <resourceType>SOFTWARE</resourceType>
                <cost>0.0</cost>
                <quantiy>0.0</quantiy>
                <requirements>
                    <requirementsList xsi:type="resource">
                        <cost>0.0</cost>
                        <quantiy>0.0</quantiy>
                    </requirementsList>
                </requirements>
            </resourcesList>
            <resourcesList xsi:type="resource">
                <description>Weka</description>
                <resourceType>SOFTWARE</resourceType>
                <cost>0.0</cost>
                <quantiy>0.0</quantiy>
                <requirements>
                    <requirementsList xsi:type="resource">
                        <cost>0.0</cost>
                        <quantiy>0.0</quantiy>
                    </requirementsList>
                </requirements>
            </resourcesList>
            <resourcesList xsi:type="resource">
                <description>R</description>
                <resourceType>SOFTWARE</resourceType>
                <cost>0.0</cost>
                <quantiy>0.0</quantiy>
                <requirements>
                    <requirementsList xsi:type="resource">
                        <cost>0.0</cost>
                        <quantiy>0.0</quantiy>
                    </requirementsList>
                </requirements>
            </resourcesList>
            <resourcesList xsi:type="resource">
                <description>Metabo-Analyst</description>
                <resourceType>SOFTWARE</resourceType>
                <cost>0.0</cost>
                <quantiy>0.0</quantiy>
                <requirements>
                    <requirementsList xsi:type="resource">
                        <cost>0.0</cost>
                        <quantiy>0.0</quantiy>
                    </requirementsList>
                </requirements>
            </resourcesList>
        </resources>
        <customised>true</customised>
        <performed>false</performed>
    </planList>
    <planList xsi:type="plan" version="1">
        <dateTime>Mon Mar 12 16:49:20 GMT 2012</dateTime>
        <presetPlanItem>
            <description>3. Ensure the flexibility of the model by allowing the adjustment of its parameters.</description>
            <subPlanList xsi:type="planItem">
                <optional>false</optional>
            </subPlanList>
            <optional>false</optional>
        </presetPlanItem>
        <customisedPlanItem>
            <description>3. Ensure the flexibility of the model by allowing the adjustment of its parameters.</description>
            <subPlanList xsi:type="planItem">
                <description></description>
                <optional>false</optional>
            </subPlanList>
            <optional>false</optional>
        </customisedPlanItem>
        <objectives version="1">
            <dateTime>Mon Mar 12 16:49:20 GMT 2012</dateTime>
            <objectivesList xsi:type="phaseObjective" version="1">
                <dateTime>Mon Mar 12 16:49:20 GMT 2012</dateTime>
                <objectiveType>MANAGEMENT_RELATED</objectiveType>
                <presetDescription>6. The data mining model must be flexible and adjustable through changing its setting parameters and variables.</presetDescription>
                <fulfilled>false</fulfilled>
                <customisedDescription>6. The data mining model must be flexible and adjustable through changing its setting parameters and variables.</customisedDescription>
                <customised>true</customised>
            </objectivesList>
        </objectives>
        <customised>true</customised>
        <performed>false</performed>
    </planList>
    <planList xsi:type="plan" version="1">
        <dateTime>Mon Mar 12 16:49:20 GMT 2012</dateTime>
        <presetPlanItem>
            <description>4. Define a mechanism for delivering the model taking into consideration the bailable modelling standards, e.g.  PMML, as well as the requirements of the process other phases, including: model evaluation, knowledge presentation, knowledge evaluation, and results deployment.</description>
            <subPlanList xsi:type="planItem">
                <optional>false</optional>
            </subPlanList>
            <optional>false</optional>
        </presetPlanItem>
        <customisedPlanItem>
            <description>4. Define a mechanism for delivering the model taking into consideration the bailable modelling standards, e.g.  PMML, as well as the requirements of the process other phases, including: model evaluation, knowledge presentation, knowledge evaluation, and results deployment.</description>
            <subPlanList xsi:type="planItem">
                <description></description>
                <optional>false</optional>
            </subPlanList>
            <optional>false</optional>
        </customisedPlanItem>
        <objectives version="1">
            <dateTime>Mon Mar 12 16:49:20 GMT 2012</dateTime>
            <objectivesList xsi:type="phaseObjective" version="1">
                <dateTime>Mon Mar 12 16:49:20 GMT 2012</dateTime>
                <objectiveType>FUNCTIONAL</objectiveType>
                <presetDescription>7. The  model  must  consider  the  requirements  of the  later  phases, including: model evaluation, knowledge presentation and evaluation, and results deployment.</presetDescription>
                <fulfilled>false</fulfilled>
                <customisedDescription>7. The  model  must  consider  the  requirements  of the  later  phases, including: model evaluation, knowledge presentation and evaluation, and results deployment.</customisedDescription>
                <customised>true</customised>
            </objectivesList>
            <objectivesList xsi:type="phaseObjective" version="1">
                <dateTime>Mon Mar 12 16:49:20 GMT 2012</dateTime>
                <objectiveType>MANAGEMENT_RELATED</objectiveType>
                <presetDescription>6. The data mining model must be flexible and adjustable through changing its setting parameters and variables.</presetDescription>
                <fulfilled>false</fulfilled>
                <customisedDescription>6. The data mining model must be flexible and adjustable through changing its setting parameters and variables.</customisedDescription>
                <customised>true</customised>
            </objectivesList>
        </objectives>
        <customised>true</customised>
        <performed>false</performed>
    </planList>
</planning>
