<?xml version="1.0" encoding="UTF-8" standalone="yes"?>
<planning xmlns:xsi="http://www.w3.org/2001/XMLSchema-instance" version="1" xsi:schemaLocation=" " xsi:noNamespaceSchemaLocation=" ">
    <dateTime>Mon Mar 12 16:49:22 GMT 2012</dateTime>
    <planList xsi:type="plan" version="1">
        <dateTime>Mon Mar 12 16:49:22 GMT 2012</dateTime>
        <presetPlanItem>
            <description>1. Identify the modelling objectives related to the acquired knowledge.</description>
            <subPlanList xsi:type="planItem">
                <optional>false</optional>
            </subPlanList>
            <optional>false</optional>
        </presetPlanItem>
        <customisedPlanItem>
            <description>1. Identify the modelling objectives related to the acquired knowledge.</description>
            <subPlanList xsi:type="planItem">
                <description></description>
                <optional>false</optional>
            </subPlanList>
            <optional>false</optional>
        </customisedPlanItem>
        <planner>
            <contactDetails>Computer Science Dept,
 Aberysswtyth  University,  Wales, UK</contactDetails>
            <name>Nigel Hardy</name>
            <role>DOMAIN_EXPERT</role>
            <level>POFESSIONAL</level>
        </planner>
        <objectives version="1">
            <dateTime>Mon Mar 12 16:49:22 GMT 2012</dateTime>
            <objectivesList xsi:type="phaseObjective" version="1">
                <dateTime>Mon Mar 12 16:49:22 GMT 2012</dateTime>
                <objectiveType>FUNCTIONAL</objectiveType>
                <presetDescription>1. Evaluating the acquired knowledge fulfilment of the defined process objectives and its achievement of the aims of the study, the goals of the metabolomics investigation and its compliance with the research hypothesis and assumption.</presetDescription>
                <fulfilled>false</fulfilled>
                <customisedDescription>1. Evaluating the acquired knowledge fulfilment of the defined process objectives and its achievement of the aims of the study, the goals of the metabolomics investigation and its compliance with the research hypothesis and assumption.</customisedDescription>
                <customised>true</customised>
            </objectivesList>
        </objectives>
        <customised>true</customised>
        <performed>false</performed>
    </planList>
    <planList xsi:type="plan" version="1">
        <dateTime>Mon Mar 12 16:49:22 GMT 2012</dateTime>
        <presetPlanItem>
            <description>2. Match the modelling objectives to its related aspects of acquired knowledge.</description>
            <subPlanList xsi:type="planItem">
                <optional>false</optional>
            </subPlanList>
            <optional>false</optional>
        </presetPlanItem>
        <customisedPlanItem>
            <description>2. Match the modelling objectives to its related aspects of acquired knowledge.</description>
            <subPlanList xsi:type="planItem">
                <description></description>
                <optional>false</optional>
            </subPlanList>
            <optional>false</optional>
        </customisedPlanItem>
        <planner>
            <contactDetails>Computer Science Dept,
 Aberysswtyth  University,  Wales, UK</contactDetails>
            <name>Nigel Hardy</name>
            <role>DOMAIN_EXPERT</role>
            <level>POFESSIONAL</level>
        </planner>
        <objectives version="1">
            <dateTime>Mon Mar 12 16:49:22 GMT 2012</dateTime>
            <objectivesList xsi:type="phaseObjective" version="1">
                <dateTime>Mon Mar 12 16:49:22 GMT 2012</dateTime>
                <objectiveType>FUNCTIONAL</objectiveType>
                <presetDescription>1. Evaluating the acquired knowledge fulfilment of the defined process objectives and its achievement of the aims of the study, the goals of the metabolomics investigation and its compliance with the research hypothesis and assumption.</presetDescription>
                <fulfilled>false</fulfilled>
                <customisedDescription>1. Evaluating the acquired knowledge fulfilment of the defined process objectives and its achievement of the aims of the study, the goals of the metabolomics investigation and its compliance with the research hypothesis and assumption.</customisedDescription>
                <customised>true</customised>
            </objectivesList>
            <objectivesList xsi:type="phaseObjective" version="1">
                <dateTime>Mon Mar 12 16:49:22 GMT 2012</dateTime>
                <objectiveType>FUNCTIONAL</objectiveType>
                <presetDescription>2. Evaluating the acquired knowledge against the results reported or published in the metabolomics literature which is relevant to the metabolomics research investigation, study and assay.</presetDescription>
                <fulfilled>false</fulfilled>
                <customisedDescription>2. Evaluating the acquired knowledge against the results reported or published in the metabolomics literature which is relevant to the metabolomics research investigation, study and assay.</customisedDescription>
                <customised>true</customised>
            </objectivesList>
        </objectives>
        <customised>true</customised>
        <performed>false</performed>
    </planList>
    <planList xsi:type="plan" version="1">
        <dateTime>Mon Mar 12 16:49:22 GMT 2012</dateTime>
        <presetPlanItem>
            <description>3. Decide whether the acquired knowledge has fulfilled the defined process objectives or has not.</description>
            <subPlanList xsi:type="planItem">
                <optional>false</optional>
            </subPlanList>
            <optional>false</optional>
        </presetPlanItem>
        <customisedPlanItem>
            <description>3. Decide whether the acquired knowledge has fulfilled the defined process objectives or has not.</description>
            <subPlanList xsi:type="planItem">
                <description></description>
                <optional>false</optional>
            </subPlanList>
            <optional>false</optional>
        </customisedPlanItem>
        <planner>
            <contactDetails>Computer Science Dept,
 Aberysswtyth  University,  Wales, UK</contactDetails>
            <name>Nigel Hardy</name>
            <role>DOMAIN_EXPERT</role>
            <level>POFESSIONAL</level>
        </planner>
        <objectives version="1">
            <dateTime>Mon Mar 12 16:49:22 GMT 2012</dateTime>
            <objectivesList xsi:type="phaseObjective" version="1">
                <dateTime>Mon Mar 12 16:49:22 GMT 2012</dateTime>
                <objectiveType>FUNCTIONAL</objectiveType>
                <presetDescription>1. Evaluating the acquired knowledge fulfilment of the defined process objectives and its achievement of the aims of the study, the goals of the metabolomics investigation and its compliance with the research hypothesis and assumption.</presetDescription>
                <fulfilled>false</fulfilled>
                <customisedDescription>1. Evaluating the acquired knowledge fulfilment of the defined process objectives and its achievement of the aims of the study, the goals of the metabolomics investigation and its compliance with the research hypothesis and assumption.</customisedDescription>
                <customised>true</customised>
            </objectivesList>
            <objectivesList xsi:type="phaseObjective" version="1">
                <dateTime>Mon Mar 12 16:49:22 GMT 2012</dateTime>
                <objectiveType>FUNCTIONAL</objectiveType>
                <presetDescription>2. Evaluating the acquired knowledge against the results reported or published in the metabolomics literature which is relevant to the metabolomics research investigation, study and assay.</presetDescription>
                <fulfilled>false</fulfilled>
                <customisedDescription>2. Evaluating the acquired knowledge against the results reported or published in the metabolomics literature which is relevant to the metabolomics research investigation, study and assay.</customisedDescription>
                <customised>true</customised>
            </objectivesList>
        </objectives>
        <customised>true</customised>
        <performed>false</performed>
    </planList>
    <planList xsi:type="plan" version="1">
        <dateTime>Mon Mar 12 16:49:22 GMT 2012</dateTime>
        <presetPlanItem>
            <description>4. In the  case  of hypothesis  driven  data  mining, evaluate  the  acquired  knowledge achievement of the aims of metabolomics study and its relationship with the goals of the investigation , the research hypothesis and assumption: (a) Identify the aims of the metabolomics study related to the acquired knowledge; (b)  Match the aims of the metabolomics study to its related aspect of acquired knowledge; (c) Decide whether the acquired knowledge have achieved the aims of metabolomics study or have not; (d)  Assess the acquired knowledge consistency with the goals of the original re- search investigation; (e)  Assess the acquired knowledge compliance with the metabolomics research hypothesis and assumption.</description>
            <subPlanList xsi:type="planItem">
                <optional>false</optional>
            </subPlanList>
            <optional>false</optional>
        </presetPlanItem>
        <customisedPlanItem>
            <description>4. In the  case  of hypothesis  driven  data  mining, evaluate  the  acquired  knowledge achievement of the aims of metabolomics study and its relationship with the goals of the investigation , the research hypothesis and assumption: (a) Identify the aims of the metabolomics study related to the acquired knowledge; (b)  Match the aims of the metabolomics study to its related aspect of acquired knowledge; (c) Decide whether the acquired knowledge have achieved the aims of metabolomics study or have not; (d)  Assess the acquired knowledge consistency with the goals of the original re- search investigation; (e)  Assess the acquired knowledge compliance with the metabolomics research hypothesis and assumption.</description>
            <subPlanList xsi:type="planItem">
                <description></description>
                <optional>false</optional>
            </subPlanList>
            <optional>false</optional>
        </customisedPlanItem>
        <planner>
            <contactDetails>Computer Science Dept,
 Aberysswtyth  University,  Wales, UK</contactDetails>
            <name>Nigel Hardy</name>
            <role>DOMAIN_EXPERT</role>
            <level>POFESSIONAL</level>
        </planner>
        <objectives version="1">
            <dateTime>Mon Mar 12 16:49:22 GMT 2012</dateTime>
            <objectivesList xsi:type="phaseObjective" version="1">
                <dateTime>Mon Mar 12 16:49:22 GMT 2012</dateTime>
                <objectiveType>FUNCTIONAL</objectiveType>
                <presetDescription>1. Evaluating the acquired knowledge fulfilment of the defined process objectives and its achievement of the aims of the study, the goals of the metabolomics investigation and its compliance with the research hypothesis and assumption.</presetDescription>
                <fulfilled>false</fulfilled>
                <customisedDescription>1. Evaluating the acquired knowledge fulfilment of the defined process objectives and its achievement of the aims of the study, the goals of the metabolomics investigation and its compliance with the research hypothesis and assumption.</customisedDescription>
                <customised>true</customised>
            </objectivesList>
            <objectivesList xsi:type="phaseObjective" version="1">
                <dateTime>Mon Mar 12 16:49:22 GMT 2012</dateTime>
                <objectiveType>FUNCTIONAL</objectiveType>
                <presetDescription>2. Evaluating the acquired knowledge against the results reported or published in the metabolomics literature which is relevant to the metabolomics research investigation, study and assay.</presetDescription>
                <fulfilled>false</fulfilled>
                <customisedDescription>2. Evaluating the acquired knowledge against the results reported or published in the metabolomics literature which is relevant to the metabolomics research investigation, study and assay.</customisedDescription>
                <customised>true</customised>
            </objectivesList>
            <objectivesList xsi:type="phaseObjective" version="1">
                <dateTime>Mon Mar 12 16:49:22 GMT 2012</dateTime>
                <objectiveType>FUNCTIONAL</objectiveType>
                <presetDescription>3. Validating the acquired knowledge according domain expert background experience and knowledge, based on biochemical principles and commonsense.</presetDescription>
                <fulfilled>false</fulfilled>
                <customisedDescription>3. Validating the acquired knowledge according domain expert background experience and knowledge, based on biochemical principles and commonsense.</customisedDescription>
                <customised>true</customised>
            </objectivesList>
        </objectives>
        <customised>true</customised>
        <performed>false</performed>
    </planList>
    <planList xsi:type="plan" version="1">
        <dateTime>Mon Mar 12 16:49:22 GMT 2012</dateTime>
        <presetPlanItem>
            <description>5. Evaluate the acquired knowledge against the results reported or published in the metabolomics literature, which are relevant to the metabolomics research investigation, study and assay: (a) Identify the metabolomics results related to the acquired knowledge (through researching the metabolomics literature and technical reports); (b)  Compare and contrast  the  acquired  knowledge  with  the  relevant  results  re- ported or published in the metabolomics literature; (c) Assess the acquired knowledge consistency and compliance with the relevant results reported or published in the metabolomics literature.</description>
            <subPlanList xsi:type="planItem">
                <optional>false</optional>
            </subPlanList>
            <optional>false</optional>
        </presetPlanItem>
        <customisedPlanItem>
            <description>5. Evaluate the acquired knowledge against the results reported or published in the metabolomics literature, which are relevant to the metabolomics research investigation, study and assay: (a) Identify the metabolomics results related to the acquired knowledge (through researching the metabolomics literature and technical reports); (b)  Compare and contrast  the  acquired  knowledge  with  the  relevant  results  re- ported or published in the metabolomics literature; (c) Assess the acquired knowledge consistency and compliance with the relevant results reported or published in the metabolomics literature.</description>
            <subPlanList xsi:type="planItem">
                <description></description>
                <optional>false</optional>
            </subPlanList>
            <optional>false</optional>
        </customisedPlanItem>
        <planner>
            <contactDetails>Computer Science Dept,
 Aberysswtyth  University,  Wales, UK</contactDetails>
            <name>Nigel Hardy</name>
            <role>DOMAIN_EXPERT</role>
            <level>POFESSIONAL</level>
        </planner>
        <objectives version="1">
            <dateTime>Mon Mar 12 16:49:22 GMT 2012</dateTime>
            <objectivesList xsi:type="phaseObjective" version="1">
                <dateTime>Mon Mar 12 16:49:22 GMT 2012</dateTime>
                <objectiveType>FUNCTIONAL</objectiveType>
                <presetDescription>1. Evaluating the acquired knowledge fulfilment of the defined process objectives and its achievement of the aims of the study, the goals of the metabolomics investigation and its compliance with the research hypothesis and assumption.</presetDescription>
                <fulfilled>false</fulfilled>
                <customisedDescription>1. Evaluating the acquired knowledge fulfilment of the defined process objectives and its achievement of the aims of the study, the goals of the metabolomics investigation and its compliance with the research hypothesis and assumption.</customisedDescription>
                <customised>true</customised>
            </objectivesList>
            <objectivesList xsi:type="phaseObjective" version="1">
                <dateTime>Mon Mar 12 16:49:22 GMT 2012</dateTime>
                <objectiveType>FUNCTIONAL</objectiveType>
                <presetDescription>2. Evaluating the acquired knowledge against the results reported or published in the metabolomics literature which is relevant to the metabolomics research investigation, study and assay.</presetDescription>
                <fulfilled>false</fulfilled>
                <customisedDescription>2. Evaluating the acquired knowledge against the results reported or published in the metabolomics literature which is relevant to the metabolomics research investigation, study and assay.</customisedDescription>
                <customised>true</customised>
            </objectivesList>
            <objectivesList xsi:type="phaseObjective" version="1">
                <dateTime>Mon Mar 12 16:49:22 GMT 2012</dateTime>
                <objectiveType>FUNCTIONAL</objectiveType>
                <presetDescription>3. Validating the acquired knowledge according domain expert background experience and knowledge, based on biochemical principles and commonsense.</presetDescription>
                <fulfilled>false</fulfilled>
                <customisedDescription>3. Validating the acquired knowledge according domain expert background experience and knowledge, based on biochemical principles and commonsense.</customisedDescription>
                <customised>true</customised>
            </objectivesList>
        </objectives>
        <customised>true</customised>
        <performed>false</performed>
    </planList>
    <planList xsi:type="plan" version="1">
        <dateTime>Mon Mar 12 16:49:22 GMT 2012</dateTime>
        <presetPlanItem>
            <description>6. Validate the acquired knowledge according to the metabolomics biological and bio- chemical principles, the background knowledge, and commonsense.</description>
            <subPlanList xsi:type="planItem">
                <optional>false</optional>
            </subPlanList>
            <optional>false</optional>
        </presetPlanItem>
        <customisedPlanItem>
            <description>6. Validate the acquired knowledge according to the metabolomics biological and bio- chemical principles, the background knowledge, and commonsense.</description>
            <subPlanList xsi:type="planItem">
                <description></description>
                <optional>false</optional>
            </subPlanList>
            <optional>false</optional>
        </customisedPlanItem>
        <planner>
            <contactDetails>Computer Science Dept,
 Aberysswtyth  University,  Wales, UK</contactDetails>
            <name>Nigel Hardy</name>
            <role>DOMAIN_EXPERT</role>
            <level>POFESSIONAL</level>
        </planner>
        <objectives version="1">
            <dateTime>Mon Mar 12 16:49:22 GMT 2012</dateTime>
            <objectivesList xsi:type="phaseObjective" version="1">
                <dateTime>Mon Mar 12 16:49:22 GMT 2012</dateTime>
                <objectiveType>MANAGEMENT_RELATED</objectiveType>
                <presetDescription>6. Knowledge evaluation must be performed from metabolomics and biochemical perspectives.</presetDescription>
                <fulfilled>false</fulfilled>
                <customisedDescription>6.Knowledge evaluation must be performed from metabolomics and biochemical perspectives.</customisedDescription>
                <customised>true</customised>
            </objectivesList>
            <objectivesList xsi:type="phaseObjective" version="1">
                <dateTime>Mon Mar 12 16:49:22 GMT 2012</dateTime>
                <objectiveType>FUNCTIONAL</objectiveType>
                <presetDescription>2. Evaluating the acquired knowledge against the results reported or published in the metabolomics literature which is relevant to the metabolomics research investigation, study and assay.</presetDescription>
                <fulfilled>false</fulfilled>
                <customisedDescription>2. Evaluating the acquired knowledge against the results reported or published in the metabolomics literature which is relevant to the metabolomics research investigation, study and assay.</customisedDescription>
                <customised>true</customised>
            </objectivesList>
        </objectives>
        <customised>true</customised>
        <performed>false</performed>
    </planList>
    <planList xsi:type="plan" version="1">
        <dateTime>Mon Mar 12 16:49:22 GMT 2012</dateTime>
        <presetPlanItem>
            <description>7. Validate  the  acquired  knowledge  according  to  the  domain expert  knowledge  and experience.</description>
            <subPlanList xsi:type="planItem">
                <optional>false</optional>
            </subPlanList>
            <optional>false</optional>
        </presetPlanItem>
        <customisedPlanItem>
            <description>7. Validate  the  acquired  knowledge  according  to  the  domain expert  knowledge  and experience.</description>
            <subPlanList xsi:type="planItem">
                <description></description>
                <optional>false</optional>
            </subPlanList>
            <optional>false</optional>
        </customisedPlanItem>
        <planner>
            <contactDetails>Computer Science Dept,
 Aberysswtyth  University,  Wales, UK</contactDetails>
            <name>Nigel Hardy</name>
            <role>DOMAIN_EXPERT</role>
            <level>POFESSIONAL</level>
        </planner>
        <objectives version="1">
            <dateTime>Mon Mar 12 16:49:22 GMT 2012</dateTime>
            <objectivesList xsi:type="phaseObjective" version="1">
                <dateTime>Mon Mar 12 16:49:22 GMT 2012</dateTime>
                <objectiveType>MANAGEMENT_RELATED</objectiveType>
                <presetDescription>5. Knowledge evaluation activities which involve human judgements must be unbiased, traceable and reproducible.  It must be justified and backed with scientific evidences and the literature where possible.</presetDescription>
                <fulfilled>false</fulfilled>
                <customisedDescription>5. Knowledge evaluation activities which involve human judgements must be unbiased, traceable and reproducible.  It must be justified and backed with scientific evidences and the literature where possible.</customisedDescription>
                <customised>true</customised>
            </objectivesList>
            <objectivesList xsi:type="phaseObjective" version="1">
                <dateTime>Mon Mar 12 16:49:22 GMT 2012</dateTime>
                <objectiveType>FUNCTIONAL</objectiveType>
                <presetDescription>3. Validating the acquired knowledge according domain expert background experience and knowledge, based on biochemical principles and commonsense.</presetDescription>
                <fulfilled>false</fulfilled>
                <customisedDescription>3. Validating the acquired knowledge according domain expert background experience and knowledge, based on biochemical principles and commonsense.</customisedDescription>
                <customised>true</customised>
            </objectivesList>
        </objectives>
        <customised>true</customised>
        <performed>false</performed>
    </planList>
    <planList xsi:type="plan" version="1">
        <dateTime>Mon Mar 12 16:49:22 GMT 2012</dateTime>
        <presetPlanItem>
            <description>8. Identify any possible investigation questions or hypothesis propagated by the ac- quired knowledge.</description>
            <subPlanList xsi:type="planItem">
                <optional>false</optional>
            </subPlanList>
            <optional>false</optional>
        </presetPlanItem>
        <customisedPlanItem>
            <description>8. Identify any possible investigation questions or hypothesis propagated by the ac- quired knowledge.</description>
            <subPlanList xsi:type="planItem">
                <description></description>
                <optional>false</optional>
            </subPlanList>
            <optional>false</optional>
        </customisedPlanItem>
        <planner>
            <contactDetails>Computer Science Dept,
 Aberysswtyth  University,  Wales, UK</contactDetails>
            <name>Nigel Hardy</name>
            <role>DOMAIN_EXPERT</role>
            <level>POFESSIONAL</level>
        </planner>
        <objectives version="1">
            <dateTime>Mon Mar 12 16:49:22 GMT 2012</dateTime>
            <objectivesList xsi:type="phaseObjective" version="1">
                <dateTime>Mon Mar 12 16:49:22 GMT 2012</dateTime>
                <objectiveType>FUNCTIONAL</objectiveType>
                <presetDescription>4. Identifying possible  investigation  questions  or hypotheses  propagated  by the acquired knowledge.</presetDescription>
                <fulfilled>false</fulfilled>
                <customisedDescription>4. Identifying  any possible  investigation  questions  or hypotheses  propagated  by the acquired knowledge.</customisedDescription>
                <customised>true</customised>
            </objectivesList>
        </objectives>
        <customised>true</customised>
        <performed>false</performed>
    </planList>
    <planList xsi:type="plan" version="1">
        <dateTime>Mon Mar 12 16:49:22 GMT 2012</dateTime>
        <presetPlanItem>
            <description>9. Recommend a mechanism for answering the propagated knowledge questions, e.g. defining new objectives for a further iteration in the process, altering the current objectives, or through process feedback, recommendation for further experiment or process execution.</description>
            <subPlanList xsi:type="planItem">
                <optional>false</optional>
            </subPlanList>
            <optional>false</optional>
        </presetPlanItem>
        <customisedPlanItem>
            <description>9. Recommend a mechanism for answering the propagated knowledge questions, e.g. defining new objectives for a further iteration in the process, altering the current objectives, or through process feedback, recommendation for further experiment or process execution.</description>
            <subPlanList xsi:type="planItem">
                <description></description>
                <optional>false</optional>
            </subPlanList>
            <optional>false</optional>
        </customisedPlanItem>
        <planner>
            <contactDetails>Computer Science Dept,
 Aberysswtyth  University,  Wales, UK</contactDetails>
            <name>Nigel Hardy</name>
            <role>DOMAIN_EXPERT</role>
            <level>POFESSIONAL</level>
        </planner>
        <objectives version="1">
            <dateTime>Mon Mar 12 16:49:22 GMT 2012</dateTime>
            <objectivesList xsi:type="phaseObjective" version="1">
                <dateTime>Mon Mar 12 16:49:22 GMT 2012</dateTime>
                <objectiveType>FUNCTIONAL</objectiveType>
                <presetDescription>4. Identifying possible  investigation  questions  or hypotheses  propagated  by the acquired knowledge.</presetDescription>
                <fulfilled>false</fulfilled>
                <customisedDescription>4. Identifying  any possible  investigation  questions  or hypotheses  propagated  by the acquired knowledge.</customisedDescription>
                <customised>true</customised>
            </objectivesList>
            <objectivesList xsi:type="phaseObjective" version="1">
                <dateTime>Mon Mar 12 16:49:22 GMT 2012</dateTime>
                <objectiveType>MANAGEMENT_RELATED</objectiveType>
                <presetDescription>6. Knowledge evaluation must be performed from metabolomics and biochemical perspectives.</presetDescription>
                <fulfilled>false</fulfilled>
                <customisedDescription>6.Knowledge evaluation must be performed from metabolomics and biochemical perspectives.</customisedDescription>
                <customised>true</customised>
            </objectivesList>
        </objectives>
        <customised>true</customised>
        <performed>false</performed>
    </planList>
</planning>
