<?xml version="1.0" encoding="UTF-8" standalone="yes"?>
<objectives xmlns:xsi="http://www.w3.org/2001/XMLSchema-instance" version="1" xsi:schemaLocation=" " xsi:noNamespaceSchemaLocation=" ">
    <dateTime>Mon Mar 12 16:49:17 GMT 2012</dateTime>
    <objectivesList xsi:type="phaseObjective" version="1">
        <dateTime>Mon Mar 12 16:49:17 GMT 2012</dateTime>
        <presetDescription>1. Pre-processing the metabolomics data.</presetDescription>
        <fulfilled>false</fulfilled>
        <customisedDescription>1. Pre-process the metabolomics data.</customisedDescription>
        <customised>true</customised>
    </objectivesList>
    <objectivesList xsi:type="phaseObjective" version="1">
        <dateTime>Mon Mar 12 16:49:17 GMT 2012</dateTime>
        <presetDescription>2. The data pre-processing must be carried out in light of the modelling objectives and should be consistent with the design and the aims of the metabolomics study and their relationships with the goals of the investigation, hypothesis and assumption.</presetDescription>
        <fulfilled>false</fulfilled>
        <customisedDescription>2. The data pre-processing must be carried out in light of the modelling objectives and should be consistent with the design and the aims of the metabolomics study and their relationships with the goals of the investigation, hypothesis and assumption.</customisedDescription>
        <customised>true</customised>
    </objectivesList>
    <objectivesList xsi:type="phaseObjective" version="1">
        <dateTime>Mon Mar 12 16:49:17 GMT 2012</dateTime>
        <presetDescription>3. The data pre-processing procedures must be based on the nature and the requirements of the metabolomics data as generated by the data acquisition technique and must take into, the metabolic approaches, the design of the metabolomics study and its subsequent assays which were used for acquiring the targeted data.</presetDescription>
        <fulfilled>false</fulfilled>
        <customisedDescription>3. The data pre-processing procedures must be based on the nature and the requirements of the metabolomics data as generated by the data acquisition technique and must take into, the metabolic approaches, the design of the metabolomics study and its subsequent assays which were used for acquiring the targeted data.</customisedDescription>
        <customised>true</customised>
    </objectivesList>
    <objectivesList xsi:type="phaseObjective" version="1">
        <dateTime>Mon Mar 12 16:49:17 GMT 2012</dateTime>
        <presetDescription>4. The requirements of the data pre-processing procedures must be considered including: time, cost, expertise as well as software and hardware infrastructures.</presetDescription>
        <fulfilled>false</fulfilled>
        <customisedDescription>4. The requirements of the data pre-processing procedures must be considered including: time, cost, expertise as well as software and hardware infrastructures.</customisedDescription>
        <customised>true</customised>
    </objectivesList>
    <objectivesList xsi:type="phaseObjective" version="1">
        <dateTime>Mon Mar 12 16:49:17 GMT 2012</dateTime>
        <presetDescription>5. The data pre-processing procedures must be comprehensive, adequate, and compatible with the requirements of the data acquisition assay, and must take into consideration the pre-processing procedures, which were already performed by the data acquisition technique.</presetDescription>
        <fulfilled>false</fulfilled>
        <customisedDescription>5. The data pre-processing procedures must be comprehensive, adequate, and compatible with the requirements of the data acquisition assay, and must take into consideration the pre-processing procedures, which were already performed by the data acquisition technique.</customisedDescription>
        <customised>true</customised>
    </objectivesList>
    <objectivesList xsi:type="phaseObjective" version="1">
        <dateTime>Mon Mar 12 16:49:17 GMT 2012</dateTime>
        <presetDescription>6. The data pre-processing procedures must be adjustable to reflect any change in the case of feedback from later phases or in case of process iteration.</presetDescription>
        <fulfilled>false</fulfilled>
        <customisedDescription>6. The data pre-processing procedures must be adjustable to reflect any change in the case of feedback from later phases or in case of process iteration.</customisedDescription>
        <customised>true</customised>
    </objectivesList>
</objectives>
