<?xml version="1.0" encoding="UTF-8" standalone="yes"?>
<objectives xmlns:xsi="http://www.w3.org/2001/XMLSchema-instance" version="1" xsi:schemaLocation=" " xsi:noNamespaceSchemaLocation=" ">
    <dateTime>Mon Mar 12 16:49:17 GMT 2012</dateTime>
    <objectivesList xsi:type="phaseObjective" version="1">
        <dateTime>Mon Mar 12 16:49:17 GMT 2012</dateTime>
        <objectiveType>FUNCTIONAL</objectiveType>
        <presetDescription>1. Examining the nature of data, e.g. data types, structure, size, files and data format.</presetDescription>
        <fulfilled>true</fulfilled>
        <customisedDescription>1. Examining the nature of data, e.g. data types, structure, size, files and data format.</customisedDescription>
        <customised>true</customised>
    </objectivesList>
    <objectivesList xsi:type="phaseObjective" version="1">
        <dateTime>Mon Mar 12 16:49:17 GMT 2012</dateTime>
        <objectiveType>FUNCTIONAL</objectiveType>
        <presetDescription>2. Understanding the data by describing the meanings of data attributes and the scope of their values, as well as the relationship between their variables.</presetDescription>
        <fulfilled>true</fulfilled>
        <customisedDescription>2. Understanding the data by describing the meanings of data attributes and the scope of their values, as well as the relationship between their variables.</customisedDescription>
        <customised>true</customised>
    </objectivesList>
    <objectivesList xsi:type="phaseObjective" version="1">
        <dateTime>Mon Mar 12 16:49:17 GMT 2012</dateTime>
        <objectiveType>FUNCTIONAL</objectiveType>
        <presetDescription>3. Investigating  the  quality  of metabolomics  data,  depending,  either  on the  specific quality assurance standards provided as prerequisites to the phase, or on the general data quality standards defined in data mining, regarding data distribution, and the existence of missing values and outliers.</presetDescription>
        <fulfilled>true</fulfilled>
        <customisedDescription>3. Investigating  the  quality  of metabolomics  data,  depending,  either  on the  specific quality assurance standards provided as prerequisites to the phase, or on the general data quality standards defined in data mining, regarding data distribution, and the existence of missing values and outliers.</customisedDescription>
        <customised>true</customised>
    </objectivesList>
    <objectivesList xsi:type="phaseObjective" version="1">
        <dateTime>Mon Mar 12 16:49:17 GMT 2012</dateTime>
        <objectiveType>FUNCTIONAL</objectiveType>
        <presetDescription>4. Prospecting data for interesting distributions,  patterns,  and trends.   This can be carried  out  using  the  available  visualisation  tools,  basic  statistical  measurement, and other technique described in (see section 6.2.3.3), in order to provide a compre- hensive overview of data from different perspectives.</presetDescription>
        <fulfilled>true</fulfilled>
        <customisedDescription>4. Prospecting data for interesting distributions,  patterns,  and trends.   This can be carried  out  using  the  available  visualisation  tools,  basic  statistical  measurement, and other technique described in (see section 6.2.3.3), in order to provide a compre- hensive overview of data from different perspectives.</customisedDescription>
        <customised>true</customised>
    </objectivesList>
    <objectivesList xsi:type="phaseObjective" version="1">
        <dateTime>Mon Mar 12 16:49:17 GMT 2012</dateTime>
        <objectiveType>FUNCTIONAL</objectiveType>
        <presetDescription>5. Verifying the sufficiency, adequacy and relevancy of metabolomics data to fulfil the defined modelling by investigating their nature and explaining the meanings of their attributes and values.</presetDescription>
        <fulfilled>true</fulfilled>
        <customisedDescription>5. Verifying the sufficiency, adequacy and relevancy of metabolomics data to fulfil the defined modelling by investigating their nature and explaining the meanings of their attributes and values.</customisedDescription>
        <customised>true</customised>
    </objectivesList>
    <objectivesList xsi:type="phaseObjective" version="1">
        <dateTime>Mon Mar 12 16:49:17 GMT 2012</dateTime>
        <objectiveType>MANAGEMENT_RELATED</objectiveType>
        <presetDescription>6. All  data exploration procedures must be comprehensive and thorough,  and must cover the entire data, and encompass all their related aspects.</presetDescription>
        <fulfilled>true</fulfilled>
        <customisedDescription>6. All  data exploration procedures must be comprehensive and thorough,  and must cover the entire data, and encompass all their related aspects.</customisedDescription>
        <customised>true</customised>
    </objectivesList>
    <objectivesList xsi:type="phaseObjective" version="1">
        <dateTime>Mon Mar 12 16:49:17 GMT 2012</dateTime>
        <objectiveType>FUNCTIONAL</objectiveType>
        <presetDescription>7. All data exploration must be carried out in light of the defined process objectives, and in the case of hypothesis driven data mining,must also be in line with the aims of metabolomics study and with the goals, hypothesis and assumptions of its research investigation.</presetDescription>
        <fulfilled>true</fulfilled>
        <customisedDescription>7. All data exploration must be carried out in light of the defined process objectives, and in the case of hypothesis driven data mining,must also be in line with the aims of metabolomics study and with the goals, hypothesis and assumptions of its research investigation.</customisedDescription>
        <customised>true</customised>
    </objectivesList>
</objectives>
