<?xml version="1.0" encoding="UTF-8" standalone="yes"?>
<supplements xmlns:xsi="http://www.w3.org/2001/XMLSchema-instance" xsi:noNamespaceSchemaLocation="">
    <management>
        <constraint>
            <totalFunds>50000.0</totalFunds>
            <totalDuration>180.0</totalDuration>
            <usedFunds>25650.0</usedFunds>
            <elapsedTime>0.0</elapsedTime>
        </constraint>
        <resources>
            <resourcesList xsi:type="resource">
                <description>PC</description>
                <resourceType>HARDWARE</resourceType>
                <cost>650.0</cost>
                <quantiy>0.0</quantiy>
                <requirements>
                    <requirementsList xsi:type="resource">
                        <description>Printer</description>
                        <resourceType>HARDWARE</resourceType>
                        <cost>150.0</cost>
                        <quantiy>0.0</quantiy>
                    </requirementsList>
                    <requirementsList xsi:type="resource">
                        <description>Monitor (23&quot;)</description>
                        <resourceType>HARDWARE</resourceType>
                        <cost>500.0</cost>
                        <quantiy>0.0</quantiy>
                    </requirementsList>
                </requirements>
            </resourcesList>
            <resourcesList xsi:type="resource">
                <description>Labtop</description>
                <resourceType>HARDWARE</resourceType>
                <cost>750.0</cost>
                <quantiy>0.0</quantiy>
                <requirements>
                    <requirementsList xsi:type="resource">
                        <description>R Package</description>
                        <resourceType>SOFTWARE</resourceType>
                        <cost>0.0</cost>
                        <quantiy>0.0</quantiy>
                    </requirementsList>
                    <requirementsList xsi:type="resource">
                        <description>MikeTex</description>
                        <resourceType>SOFTWARE</resourceType>
                        <cost>0.0</cost>
                        <quantiy>0.0</quantiy>
                    </requirementsList>
                    <requirementsList xsi:type="resource">
                        <description>Weka</description>
                        <resourceType>SOFTWARE</resourceType>
                        <cost>0.0</cost>
                        <quantiy>0.0</quantiy>
                    </requirementsList>
                    <requirementsList xsi:type="resource">
                        <cost>0.0</cost>
                        <quantiy>0.0</quantiy>
                    </requirementsList>
                    <requirementsList xsi:type="resource">
                        <cost>0.0</cost>
                        <quantiy>0.0</quantiy>
                    </requirementsList>
                </requirements>
            </resourcesList>
            <resourcesList xsi:type="resource">
                <description>Statistician</description>
                <resourceType>HUMAN</resourceType>
                <cost>4000.0</cost>
                <quantiy>0.0</quantiy>
                <requirements>
                    <requirementsList xsi:type="resource">
                        <description>PC</description>
                        <resourceType>HARDWARE</resourceType>
                        <cost>500.0</cost>
                        <quantiy>0.0</quantiy>
                    </requirementsList>
                    <requirementsList xsi:type="resource">
                        <description>MatLab</description>
                        <resourceType>SOFTWARE</resourceType>
                        <cost>1200.0</cost>
                        <quantiy>0.0</quantiy>
                    </requirementsList>
                </requirements>
            </resourcesList>
            <resourcesList xsi:type="resource">
                <description>Weka</description>
                <resourceType>SOFTWARE</resourceType>
                <cost>0.0</cost>
                <quantiy>0.0</quantiy>
                <requirements>
                    <requirementsList xsi:type="resource">
                        <cost>0.0</cost>
                        <quantiy>0.0</quantiy>
                    </requirementsList>
                </requirements>
            </resourcesList>
            <resourcesList xsi:type="resource">
                <description>Orange</description>
                <resourceType>SOFTWARE</resourceType>
                <cost>0.0</cost>
                <quantiy>0.0</quantiy>
                <requirements>
                    <requirementsList xsi:type="resource">
                        <cost>0.0</cost>
                        <quantiy>0.0</quantiy>
                    </requirementsList>
                </requirements>
            </resourcesList>
            <resourcesList xsi:type="resource">
                <description>TANAGRA</description>
                <resourceType>SOFTWARE</resourceType>
                <cost>0.0</cost>
                <quantiy>0.0</quantiy>
                <requirements>
                    <requirementsList xsi:type="resource">
                        <cost>0.0</cost>
                        <quantiy>0.0</quantiy>
                    </requirementsList>
                </requirements>
            </resourcesList>
            <resourcesList xsi:type="resource">
                <description>Ms Office</description>
                <resourceType>SOFTWARE</resourceType>
                <cost>0.0</cost>
                <quantiy>0.0</quantiy>
                <requirements>
                    <requirementsList xsi:type="resource">
                        <cost>0.0</cost>
                        <quantiy>0.0</quantiy>
                    </requirementsList>
                    <requirementsList xsi:type="resource">
                        <cost>0.0</cost>
                        <quantiy>0.0</quantiy>
                    </requirementsList>
                </requirements>
            </resourcesList>
            <resourcesList xsi:type="resource">
                <description>MS Project</description>
                <resourceType>SOFTWARE</resourceType>
                <cost>0.0</cost>
                <quantiy>0.0</quantiy>
                <requirements>
                    <requirementsList xsi:type="resource">
                        <cost>0.0</cost>
                        <quantiy>0.0</quantiy>
                    </requirementsList>
                </requirements>
            </resourcesList>
            <resourcesList xsi:type="resource">
                <description>R</description>
                <resourceType>SOFTWARE</resourceType>
                <cost>0.0</cost>
                <quantiy>0.0</quantiy>
                <requirements>
                    <requirementsList xsi:type="resource">
                        <cost>0.0</cost>
                        <quantiy>0.0</quantiy>
                    </requirementsList>
                    <requirementsList xsi:type="resource">
                        <cost>0.0</cost>
                        <quantiy>0.0</quantiy>
                    </requirementsList>
                </requirements>
            </resourcesList>
            <resourcesList xsi:type="resource">
                <description>Matlab Software License (Standard Edition)</description>
                <resourceType>SOFTWARE</resourceType>
                <cost>1200.0</cost>
                <quantiy>0.0</quantiy>
                <requirements>
                    <requirementsList xsi:type="resource">
                        <cost>0.0</cost>
                        <quantiy>0.0</quantiy>
                    </requirementsList>
                </requirements>
            </resourcesList>
            <resourcesList xsi:type="resource">
                <description>PC</description>
                <resourceType>HARDWARE</resourceType>
                <cost>650.0</cost>
                <quantiy>0.0</quantiy>
                <requirements>
                    <requirementsList xsi:type="resource">
                        <description>Matlab Software License (Standard Edition)</description>
                        <resourceType>SOFTWARE</resourceType>
                        <cost>1200.0</cost>
                        <quantiy>0.0</quantiy>
                    </requirementsList>
                    <requirementsList xsi:type="resource">
                        <description>R (package)</description>
                        <resourceType>SOFTWARE</resourceType>
                        <cost>0.0</cost>
                        <quantiy>0.0</quantiy>
                    </requirementsList>
                    <requirementsList xsi:type="resource">
                        <description>Printer</description>
                        <resourceType>HARDWARE</resourceType>
                        <cost>150.0</cost>
                        <quantiy>0.0</quantiy>
                    </requirementsList>
                    <requirementsList xsi:type="resource">
                        <description>Monitor (23&quot;)</description>
                        <resourceType>HARDWARE</resourceType>
                        <cost>500.0</cost>
                        <quantiy>0.0</quantiy>
                    </requirementsList>
                    <requirementsList xsi:type="resource">
                        <description>Weka</description>
                        <resourceType>SOFTWARE</resourceType>
                        <cost>0.0</cost>
                        <quantiy>0.0</quantiy>
                    </requirementsList>
                    <requirementsList xsi:type="resource">
                        <cost>0.0</cost>
                        <quantiy>0.0</quantiy>
                    </requirementsList>
                </requirements>
            </resourcesList>
            <resourcesList xsi:type="resource">
                <description>Metabo-Analyst</description>
                <resourceType>SOFTWARE</resourceType>
                <cost>0.0</cost>
                <quantiy>0.0</quantiy>
                <requirements>
                    <requirementsList xsi:type="resource">
                        <cost>0.0</cost>
                        <quantiy>0.0</quantiy>
                    </requirementsList>
                </requirements>
            </resourcesList>
            <resourcesList xsi:type="resource">
                <description>Oracle DBMS</description>
                <resourceType>SOFTWARE</resourceType>
                <cost>5000.0</cost>
                <quantiy>0.0</quantiy>
                <requirements>
                    <requirementsList xsi:type="resource">
                        <cost>0.0</cost>
                        <quantiy>0.0</quantiy>
                    </requirementsList>
                </requirements>
            </resourcesList>
            <resourcesList xsi:type="resource">
                <description>MikTex</description>
                <resourceType>SOFTWARE</resourceType>
                <cost>0.0</cost>
                <quantiy>0.0</quantiy>
                <requirements>
                    <requirementsList xsi:type="resource">
                        <cost>0.0</cost>
                        <quantiy>0.0</quantiy>
                    </requirementsList>
                </requirements>
            </resourcesList>
        </resources>
    </management>
    <humanInteraction>
        <analystsList xsi:type="analyst">
            <contactDetails>Aberyswtyth, wales, UK</contactDetails>
            <name>Ahmed BaniMustafa</name>
            <role>DATA_MINER</role>
            <level>NORMAL</level>
        </analystsList>
        <analystsList xsi:type="analyst">
            <contactDetails>Computer Science Dept,
 Aberysswtyth  University,  Wales, UK</contactDetails>
            <name>Nigel Hardy</name>
            <role>DOMAIN_EXPERT</role>
            <level>POFESSIONAL</level>
        </analystsList>
    </humanInteraction>
    <standards>
        <standardsList xsi:type="standard" version="1">
            <dateTime>Tue Mar 13 12:23:44 GMT 2012</dateTime>
            <description>Data Mining Standards</description>
            <standardType>DATA_MINING</standardType>
            <specificationURL>file:/E:/PhD/PhD/PhDThesis/PhDApplication/Application_Documents/standards/data mining standards initiative.pdf</specificationURL>
            <release>1.0</release>
        </standardsList>
        <standardsList xsi:type="standard" version="1">
            <dateTime>Tue Mar 13 12:23:44 GMT 2012</dateTime>
            <description>standarads for perfroming Metabolomics data analysis</description>
            <standardType>METABOLOMICS</standardType>
            <specificationURL>file:/E:/PhD/PhD/PhDThesis/PhDApplication/Application_Documents/standards/Data Analsysis Standards in metabolomics.pdf</specificationURL>
            <release>1.0</release>
        </standardsList>
        <standardsList xsi:type="standard" version="1">
            <dateTime>Tue Mar 13 12:23:44 GMT 2012</dateTime>
            <description>Metabolmics standards Initiative</description>
            <standardType>METABOLOMICS</standardType>
            <specificationURL>file:/E:/PhD/PhD/PhDThesis/PhDApplication/Application_Documents/standards/MSI Standards Initiative.pdf</specificationURL>
            <release>1.0</release>
        </standardsList>
        <standardsList xsi:type="standard" version="1">
            <dateTime>Tue Mar 13 12:23:44 GMT 2012</dateTime>
            <description>An Overview of PMML Version 3.0</description>
            <standardType>REPORTING</standardType>
            <specificationURL>file:/E:/PhD/PhD/PhDThesis/PhDApplication/Application_Documents/standards/An Overview of PMML.pdf</specificationURL>
            <release>3.0</release>
        </standardsList>
    </standards>
    <quality>
        <specificationsList xsi:type="qualitySpecification" version="1">
            <dateTime>Tue Mar 13 12:23:44 GMT 2012</dateTime>
            <description>This quality assurance ploicy document 
describes the quality assurance policy of the analysed data</description>
            <domainType>DATA</domainType>
            <qualityType>NON_FUNCTIONAL</qualityType>
            <specificationURL>file:/E:/PhD/PhD/PhDThesis/PhDApplication/Application_Documents/quality/data_quality_assurance_policy.txt</specificationURL>
            <release>1.0</release>
        </specificationsList>
        <specificationsList xsi:type="qualitySpecification" version="1">
            <dateTime>Tue Mar 13 12:23:44 GMT 2012</dateTime>
            <description>This document describes 
the standard policy regarding the process execution</description>
            <domainType>PROCEDURES</domainType>
            <qualityType>FUNCTIONAL</qualityType>
            <specificationURL>file:/E:/PhD/PhD/PhDThesis/PhDApplication/Application_Documents/quality/procedures_quality_assurance_policy.txt</specificationURL>
            <release>2.0</release>
        </specificationsList>
        <specificationsList xsi:type="qualitySpecification" version="1">
            <dateTime>Tue Mar 13 12:23:44 GMT 2012</dateTime>
            <description>This quality document describes 
the quality asurance of the process reports.</description>
            <domainType>REPORTS</domainType>
            <qualityType>NON_FUNCTIONAL</qualityType>
            <specificationURL>file:/E:/PhD/PhD/PhDThesis/PhDApplication/Application_Documents/quality/reports_quality_assurance_policy.txt</specificationURL>
            <release>3.0</release>
        </specificationsList>
    </quality>
</supplements>
