<?xml version="1.0" encoding="UTF-8" standalone="yes"?>
<preRequisites xmlns:xsi="http://www.w3.org/2001/XMLSchema-instance" xsi:schemaLocation=" " xsi:noNamespaceSchemaLocation=" ">
    <preRequisitesList xsi:type="preRequisite" version="1">
        <dateTime>Mon Mar 12 16:49:23 GMT 2012</dateTime>
        <presetDescription>1. Background knowledge/information regarding the available deployment options (see section 6.2.10), mechanisms, techniques and implementation requirements, including: software tools, hardware and expertise as well as other necessary information regarding the model inputs, parameters and expected outputs, as well as the constraints of their application.</presetDescription>
        <customisedDescription>1. Background knowledge/information regarding the available deployment options (see section 6.2.10), mechanisms, techniques and implementation requirements, including: software tools, hardware and expertise as well as other necessary information regarding the model inputs, parameters and expected outputs, as well as the constraints of their application.</customisedDescription>
        <preRequisiteType>LITERATURE_RELATED</preRequisiteType>
        <sources>
            <externalSourcesList xsi:type="externalSource">
                <sourceType>ExternalSource</sourceType>
                <description>BaniMustafa, A. (2012). A Knowledge Discovery and Data Mining Process Model for Metabolomics. PhD, University of Wales, Aberystwyth.</description>
                <externalSourceType>OTHER</externalSourceType>
                <url>file:/E:/PhD/PhD/PhDThesis/PhDThesisWriting/PhDThesisLatex/PhDLatex/PhDThesis.pdf</url>
            </externalSourcesList>
            <externalSourcesList xsi:type="externalSource">
                <sourceType>ExternalSource</sourceType>
                <description>Witten, I. and E. Frank (2005). Data Mining: Practical machine learning tools and techniques. San Francisco, Morgan Kaufmann.</description>
                <externalSourceType>BOOK</externalSourceType>
            </externalSourcesList>
        </sources>
        <required>false</required>
        <customised>true</customised>
    </preRequisitesList>
    <preRequisitesList xsi:type="preRequisite" version="1">
        <dateTime>Mon Mar 12 16:49:23 GMT 2012</dateTime>
        <presetDescription>2. The aims of the metabolomics study and its investigation goals,  hypotheses,  and assumptions.</presetDescription>
        <customisedDescription>2. The aims of the metabolomics study and its investigation goals,  hypotheses,  and assumptions.</customisedDescription>
        <preRequisiteType>STUDY_RELATED</preRequisiteType>
        <sources>
            <externalSourcesList xsi:type="externalSource">
                <sourceType>ExternalSource</sourceType>
                <description>lynn Presentation about the experimental design of HiMet Project</description>
                <externalSourceType>OTHER</externalSourceType>
                <url>file:/E:/PhD/PhD/PhDThesis/PhDApplication/Application_Data/Plant_York_LC-MS_TargetAnalisis/Description/lynne.pdf</url>
            </externalSourcesList>
            <externalSourcesList xsi:type="externalSource">
                <sourceType>ExternalSource</sourceType>
                <description>Scott, I. M., C. P. Vermeer, et al. (2010). &quot;Enhancement of Plant Metabolite Fingerprinting by Machine Learning.&quot; Plant Physiology 153(4): 1506-1520.</description>
                <externalSourceType>JOURNAL</externalSourceType>
                <url>http://www.plantphysiol.org/content/153/4/1506.abstract</url>
            </externalSourcesList>
        </sources>
        <required>false</required>
        <customised>true</customised>
    </preRequisitesList>
    <preRequisitesList xsi:type="preRequisite" version="1">
        <dateTime>Mon Mar 12 16:49:23 GMT 2012</dateTime>
        <presetDescription>3. The defined process objectives</presetDescription>
        <customisedDescription>3. The defined process objectives</customisedDescription>
        <preRequisiteType>PROCESS_RELATED</preRequisiteType>
        <sources>
            <internalSourcesList xsi:type="internalSource">
                <sourceType>InternalSource</sourceType>
                <sourceElementPath> [Process] -&gt; [Phases] -&gt; [Objectives Definition] -&gt; Reporting</sourceElementPath>
                <sourceElementString>Reporting</sourceElementString>
            </internalSourcesList>
        </sources>
        <required>false</required>
        <customised>true</customised>
    </preRequisitesList>
    <preRequisitesList xsi:type="preRequisite" version="1">
        <dateTime>Mon Mar 12 16:49:23 GMT 2012</dateTime>
        <presetDescription>4. The justification of data mining technique selection.</presetDescription>
        <customisedDescription>4. The justification of data mining technique selection.</customisedDescription>
        <preRequisiteType>PROCESS_RELATED</preRequisiteType>
        <sources>
            <internalSourcesList xsi:type="internalSource">
                <sourceType>InternalSource</sourceType>
                <sourceElementPath> [Process] -&gt; [Phases] -&gt; [Technique Selection] -&gt; Reporting</sourceElementPath>
                <sourceElementString>Reporting</sourceElementString>
            </internalSourcesList>
        </sources>
        <required>false</required>
        <customised>true</customised>
    </preRequisitesList>
    <preRequisitesList xsi:type="preRequisite" version="1">
        <dateTime>Mon Mar 12 16:49:23 GMT 2012</dateTime>
        <presetDescription>5. The acclimatised data.</presetDescription>
        <customisedDescription>5. The acclimatised data.</customisedDescription>
        <preRequisiteType>PROCESS_RELATED</preRequisiteType>
        <sources>
            <internalSourcesList xsi:type="internalSource">
                <sourceType>InternalSource</sourceType>
                <sourceElementPath> [Process] -&gt; [Phases] -&gt; [Data Acclimatisation] -&gt; Reporting</sourceElementPath>
                <sourceElementString>Reporting</sourceElementString>
            </internalSourcesList>
        </sources>
        <required>false</required>
        <customised>true</customised>
    </preRequisitesList>
    <preRequisitesList xsi:type="preRequisite" version="1">
        <dateTime>Mon Mar 12 16:49:23 GMT 2012</dateTime>
        <presetDescription>6. The data mining model.</presetDescription>
        <customisedDescription>6. The data mining model.</customisedDescription>
        <preRequisiteType>PROCESS_RELATED</preRequisiteType>
        <sources>
            <internalSourcesList xsi:type="internalSource">
                <sourceType>InternalSource</sourceType>
                <sourceElementPath> [Process] -&gt; [Phases] -&gt; [Model Building] -&gt; Reporting</sourceElementPath>
                <sourceElementString>Reporting</sourceElementString>
            </internalSourcesList>
        </sources>
        <required>false</required>
        <customised>true</customised>
    </preRequisitesList>
    <preRequisitesList xsi:type="preRequisite" version="1">
        <dateTime>Mon Mar 12 16:49:23 GMT 2012</dateTime>
        <presetDescription>7. The model evaluation report.</presetDescription>
        <customisedDescription>7. The model evaluation report.</customisedDescription>
        <preRequisiteType>PROCESS_RELATED</preRequisiteType>
        <sources>
            <internalSourcesList xsi:type="internalSource">
                <sourceType>InternalSource</sourceType>
                <sourceElementPath> [Process] -&gt; [Phases] -&gt; [Model Evaluation] -&gt; Reporting</sourceElementPath>
                <sourceElementString>Reporting</sourceElementString>
            </internalSourcesList>
        </sources>
        <required>false</required>
        <customised>true</customised>
    </preRequisitesList>
    <preRequisitesList xsi:type="preRequisite" version="1">
        <dateTime>Mon Mar 12 16:49:23 GMT 2012</dateTime>
        <presetDescription>8. The presented knowledge.</presetDescription>
        <customisedDescription>8. The presented knowledge.</customisedDescription>
        <preRequisiteType>PROCESS_RELATED</preRequisiteType>
        <sources>
            <internalSourcesList xsi:type="internalSource">
                <sourceType>InternalSource</sourceType>
                <sourceElementPath> [Process] -&gt; [Phases] -&gt; [Knowledge Presentation] -&gt; Reporting</sourceElementPath>
                <sourceElementString>Reporting</sourceElementString>
            </internalSourcesList>
        </sources>
        <required>false</required>
        <customised>true</customised>
    </preRequisitesList>
    <preRequisitesList xsi:type="preRequisite" version="1">
        <dateTime>Mon Mar 12 16:49:23 GMT 2012</dateTime>
        <presetDescription>9. Knowledge evaluation.</presetDescription>
        <customisedDescription>9. Knowledge evaluation.</customisedDescription>
        <preRequisiteType>PROCESS_RELATED</preRequisiteType>
        <sources>
            <internalSourcesList xsi:type="internalSource">
                <sourceType>InternalSource</sourceType>
                <sourceElementPath> [Process] -&gt; [Phases] -&gt; [Knowledge Evaluation] -&gt; Reporting</sourceElementPath>
                <sourceElementString>Reporting</sourceElementString>
            </internalSourcesList>
        </sources>
        <required>false</required>
        <customised>true</customised>
    </preRequisitesList>
    <preRequisitesList xsi:type="preRequisite" version="1">
        <dateTime>Mon Mar 12 16:49:23 GMT 2012</dateTime>
        <presetDescription>10.The process standards.</presetDescription>
        <customisedDescription>10.The process standards.</customisedDescription>
        <preRequisiteType>PROCESS_RELATED</preRequisiteType>
        <sources>
            <internalSourcesList xsi:type="internalSource">
                <sourceType>InternalSource</sourceType>
                <sourceElementPath> [Process] -&gt; [Process Supplements] -&gt; Standards</sourceElementPath>
                <sourceElementString>String</sourceElementString>
            </internalSourcesList>
        </sources>
        <required>false</required>
        <customised>true</customised>
    </preRequisitesList>
</preRequisites>
