<?xml version="1.0" encoding="UTF-8" standalone="yes"?>
<preRequisites xmlns:xsi="http://www.w3.org/2001/XMLSchema-instance" xsi:schemaLocation=" " xsi:noNamespaceSchemaLocation=" ">
    <preRequisitesList xsi:type="preRequisite" version="1">
        <dateTime>Mon Mar 12 16:49:20 GMT 2012</dateTime>
        <presetDescription>1. The acclimatised metabolomics dataset allocated for model building and training and its associated meta-data if available.</presetDescription>
        <customisedDescription>1. The acclimatised metabolomics dataset allocated for model building and training and its associated meta-data if available.</customisedDescription>
        <preRequisiteType>PROCESS_RELATED</preRequisiteType>
        <sources>
            <internalSourcesList xsi:type="internalSource">
                <sourceType>InternalSource</sourceType>
                <sourceElementPath> [Process] -&gt; [Inputs] -&gt; [Metabolomics Data] -&gt; Data Set</sourceElementPath>
            </internalSourcesList>
        </sources>
        <required>false</required>
        <customised>true</customised>
    </preRequisitesList>
    <preRequisitesList xsi:type="preRequisite" version="1">
        <dateTime>Mon Mar 12 16:49:20 GMT 2012</dateTime>
        <presetDescription>2. The selected data mining technique.</presetDescription>
        <customisedDescription>2. The selected data mining technique.</customisedDescription>
        <preRequisiteType>PROCESS_RELATED</preRequisiteType>
        <sources>
            <internalSourcesList xsi:type="internalSource">
                <sourceType>InternalSource</sourceType>
                <sourceElementPath> [Process] -&gt; [Phases] -&gt; [Technique Selection] -&gt; Reporting</sourceElementPath>
                <sourceElementString>Reporting</sourceElementString>
            </internalSourcesList>
        </sources>
        <required>false</required>
        <customised>true</customised>
    </preRequisitesList>
    <preRequisitesList xsi:type="preRequisite" version="1">
        <dateTime>Mon Mar 12 16:49:20 GMT 2012</dateTime>
        <presetDescription>3. The defined process objectives.</presetDescription>
        <customisedDescription>3. The defined process objectives.</customisedDescription>
        <preRequisiteType>PROCESS_RELATED</preRequisiteType>
        <sources>
            <internalSourcesList xsi:type="internalSource">
                <sourceType>InternalSource</sourceType>
                <sourceElementPath> [Process] -&gt; [Phases] -&gt; [Objectives Definition] -&gt; Reporting</sourceElementPath>
                <sourceElementString>Reporting</sourceElementString>
            </internalSourcesList>
        </sources>
        <required>false</required>
        <customised>true</customised>
    </preRequisitesList>
    <preRequisitesList xsi:type="preRequisite" version="1">
        <dateTime>Mon Mar 12 16:49:20 GMT 2012</dateTime>
        <presetDescription>4. The requirements of the selected data mining technique implementation, including: software tools, hardware and expertise as well as other necessary information regarding the model inputs, parameters, and expected outputs, as well as the constraints of their application.</presetDescription>
        <customisedDescription>4. The requirements of the selected data mining technique implementation, including: software tools, hardware and expertise as well as other necessary information regarding the model inputs, parameters, and expected outputs, as well as the constraints of their application.</customisedDescription>
        <preRequisiteType>OTHER</preRequisiteType>
        <sources/>
        <required>false</required>
        <customised>true</customised>
    </preRequisitesList>
    <preRequisitesList xsi:type="preRequisite" version="1">
        <dateTime>Mon Mar 12 16:49:20 GMT 2012</dateTime>
        <presetDescription>5. Process standards.</presetDescription>
        <customisedDescription>5. Process standards.</customisedDescription>
        <preRequisiteType>PROCESS_RELATED</preRequisiteType>
        <sources>
            <internalSourcesList xsi:type="internalSource">
                <sourceType>InternalSource</sourceType>
                <sourceElementPath> [Process] -&gt; [Process Supplements] -&gt; Standards</sourceElementPath>
                <sourceElementString>String</sourceElementString>
            </internalSourcesList>
        </sources>
        <required>false</required>
        <customised>true</customised>
    </preRequisitesList>
</preRequisites>
