<?xml version="1.0"?>
<delivery>

<section>
  <title>
      basic-link
  </title>
  <para>
      The fo:basic-link is used for representing the start resource
  of a simple link.
  </para>
</section>

<section>
  <title>bidi-override</title>
  <para>
  The fo:bidi-override inline formatting object is used where
  it is necessary to override the default Unicode-bidirectionality
  algorithm direction for different (or nested) inline scripts in
  mixed-language documents.
  </para>
</section>
</delivery>



