<?xml version="1.0" encoding="UTF-8" standalone="yes"?>
<management xmlns:xsi="http://www.w3.org/2001/XMLSchema-instance" xsi:noNamespaceSchemaLocation="">
    <constraint>
        <totalFunds>50000.0</totalFunds>
        <totalDuration>180.0</totalDuration>
        <usedFunds>0.0</usedFunds>
        <elapsedTime>0.0</elapsedTime>
    </constraint>
    <resources>
        <resourcesList xsi:type="resource" description="PC" resourceType="HARDWARE" cost="600.0" quantiy="1.0">
            <requirements>
                <requirementsList>
                    <requirementsList xsi:type="resource" description="Printer" resourceType="HARDWARE" cost="150.0" quantiy="1.0"/>
                    <requirementsList xsi:type="resource" description="Monitor 23&quot;" resourceType="HARDWARE" cost="500.0" quantiy="1.0"/>
                    <requirementsList xsi:type="resource" description="MS windows 7.0" resourceType="SOFTWARE" cost="300.0" quantiy="1.0"/>
                    <requirementsList xsi:type="resource" description="MS Office" resourceType="SOFTWARE" cost="250.0" quantiy="1.0"/>
                </requirementsList>
            </requirements>
        </resourcesList>
        <resourcesList xsi:type="resource" description="Labtop" resourceType="HARDWARE" cost="750.0" quantiy="1.0">
            <requirements>
                <requirementsList>
                    <requirementsList xsi:type="resource" description="R Package" resourceType="SOFTWARE" cost="250.0" quantiy="1.0"/>
                    <requirementsList xsi:type="resource" description="MikeTex" resourceType="SOFTWARE" cost="0.0" quantiy="1.0"/>
                    <requirementsList xsi:type="resource" description="windows 7.0" resourceType="SOFTWARE" cost="300.0" quantiy="1.0"/>
                    <requirementsList xsi:type="resource" description="MS Office " resourceType="SOFTWARE" cost="250.0" quantiy="1.0"/>
                </requirementsList>
            </requirements>
        </resourcesList>
        <resourcesList xsi:type="resource" description="Metabo-Analyst" resourceType="SOFTWARE" cost="0.0" quantiy="1.0"/>
        <resourcesList xsi:type="resource" description="Ms Office" resourceType="SOFTWARE" cost="250.0" quantiy="1.0"/>
        <resourcesList xsi:type="resource" description="Statistician" resourceType="HUMAN" cost="4000.0" quantiy="1.0"/>
        <resourcesList xsi:type="resource" description="weka" resourceType="SOFTWARE" cost="0.0" quantiy="1.0"/>
        <resourcesList xsi:type="resource" description="Orange" resourceType="SOFTWARE" cost="0.0" quantiy="1.0"/>
        <resourcesList xsi:type="resource" description="TANAGRA" resourceType="SOFTWARE" cost="0.0" quantiy="1.0"/>
        <resourcesList xsi:type="resource" description="MS Project" resourceType="SOFTWARE" cost="250.0" quantiy="1.0"/>
        <resourcesList xsi:type="resource" description="MS Visio" resourceType="SOFTWARE" cost="250.0" quantiy="1.0"/>
        <resourcesList xsi:type="resource" description="Matlab Software License (Standard Edition" resourceType="SOFTWARE" cost="1200.0" quantiy="1.0"/>
        <resourcesList xsi:type="resource" description="Oracle DBMS" resourceType="SOFTWARE" cost="5000.0" quantiy="1.0"/>
        <resourcesList xsi:type="resource" description="MikTex" resourceType="SOFTWARE" cost="0.0" quantiy="1.0"/>
    </resources>
</management>
