<?xml version="1.0" encoding="UTF-8" standalone="yes"?>
<supplements xmlns:xsi="http://www.w3.org/2001/XMLSchema-instance" xsi:noNamespaceSchemaLocation="">
    <management>
        <constraint>
            <totalFunds>50000.0</totalFunds>
            <totalDuration>180.0</totalDuration>
            <usedFunds>0.0</usedFunds>
            <elapsedTime>0.0</elapsedTime>
        </constraint>
        <resources>
            <resourcesList xsi:type="resource" description="PC" resourceType="HARDWARE" cost="600.0" quantiy="1.0">
                <requirements>
                    <requirementsList>
                        <requirementsList xsi:type="resource" description="Printer" resourceType="HARDWARE" cost="150.0" quantiy="1.0"/>
                        <requirementsList xsi:type="resource" description="Monitor 23&quot;" resourceType="HARDWARE" cost="500.0" quantiy="1.0"/>
                        <requirementsList xsi:type="resource" description="MS windows 7.0" resourceType="SOFTWARE" cost="300.0" quantiy="1.0"/>
                        <requirementsList xsi:type="resource" description="MS Office" resourceType="SOFTWARE" cost="250.0" quantiy="1.0"/>
                    </requirementsList>
                </requirements>
            </resourcesList>
            <resourcesList xsi:type="resource" description="Labtop" resourceType="HARDWARE" cost="750.0" quantiy="1.0">
                <requirements>
                    <requirementsList>
                        <requirementsList xsi:type="resource" description="R Package" resourceType="SOFTWARE" cost="250.0" quantiy="1.0"/>
                        <requirementsList xsi:type="resource" description="MikeTex" resourceType="SOFTWARE" cost="0.0" quantiy="1.0"/>
                        <requirementsList xsi:type="resource" description="windows 7.0" resourceType="SOFTWARE" cost="300.0" quantiy="1.0"/>
                        <requirementsList xsi:type="resource" description="MS Office " resourceType="SOFTWARE" cost="250.0" quantiy="1.0"/>
                    </requirementsList>
                </requirements>
            </resourcesList>
            <resourcesList xsi:type="resource" description="Metabo-Analyst" resourceType="SOFTWARE" cost="0.0" quantiy="1.0"/>
            <resourcesList xsi:type="resource" description="Ms Office" resourceType="SOFTWARE" cost="250.0" quantiy="1.0"/>
            <resourcesList xsi:type="resource" description="Statistician" resourceType="HUMAN" cost="4000.0" quantiy="1.0"/>
            <resourcesList xsi:type="resource" description="weka" resourceType="SOFTWARE" cost="0.0" quantiy="1.0"/>
            <resourcesList xsi:type="resource" description="Orange" resourceType="SOFTWARE" cost="0.0" quantiy="1.0"/>
            <resourcesList xsi:type="resource" description="TANAGRA" resourceType="SOFTWARE" cost="0.0" quantiy="1.0"/>
            <resourcesList xsi:type="resource" description="MS Project" resourceType="SOFTWARE" cost="250.0" quantiy="1.0"/>
            <resourcesList xsi:type="resource" description="MS Visio" resourceType="SOFTWARE" cost="250.0" quantiy="1.0"/>
            <resourcesList xsi:type="resource" description="Matlab Software License (Standard Edition" resourceType="SOFTWARE" cost="1200.0" quantiy="1.0"/>
            <resourcesList xsi:type="resource" description="Oracle DBMS" resourceType="SOFTWARE" cost="5000.0" quantiy="1.0"/>
            <resourcesList xsi:type="resource" description="MikTex" resourceType="SOFTWARE" cost="0.0" quantiy="1.0"/>
        </resources>
    </management>
    <humanInteraction>
        <analystsList xsi:type="analyst">
            <contactDetails>Aberyswtyth, wales, UK</contactDetails>
            <name>Ahmed BaniMustafa</name>
            <role>DATA_MINER</role>
            <level>NORMAL</level>
        </analystsList>
        <analystsList xsi:type="analyst">
            <contactDetails>Computer Science Dept,
 Aberysswtyth  University,  Wales, UK</contactDetails>
            <name>Nigel Hardy</name>
            <role>DOMAIN_EXPERT</role>
            <level>POFESSIONAL</level>
        </analystsList>
    </humanInteraction>
    <standards>
        <standardsList xsi:type="standard" version="1">
            <dateTime>Wed Mar 21 16:53:51 GMT 2012</dateTime>
            <description>Data Mining Standards</description>
            <standardType>DATA_MINING</standardType>
            <specificationURL>file:/E:/PhD/PhD/PhDThesis/PhDApplication/Application_Documents/standards/data mining standards initiative.pdf</specificationURL>
            <release>1.0</release>
        </standardsList>
        <standardsList xsi:type="standard" version="1">
            <dateTime>Wed Mar 21 16:53:51 GMT 2012</dateTime>
            <description>standarads for perfroming Metabolomics data analysis</description>
            <standardType>METABOLOMICS</standardType>
            <specificationURL>file:/E:/PhD/PhD/PhDThesis/PhDApplication/Application_Documents/standards/Data Analsysis Standards in metabolomics.pdf</specificationURL>
            <release>1.0</release>
        </standardsList>
        <standardsList xsi:type="standard" version="1">
            <dateTime>Wed Mar 21 16:53:51 GMT 2012</dateTime>
            <description>Metabolmics standards Initiative</description>
            <standardType>METABOLOMICS</standardType>
            <specificationURL>file:/E:/PhD/PhD/PhDThesis/PhDApplication/Application_Documents/standards/MSI Standards Initiative.pdf</specificationURL>
            <release>1.0</release>
        </standardsList>
        <standardsList xsi:type="standard" version="1">
            <dateTime>Wed Mar 21 16:53:51 GMT 2012</dateTime>
            <description>An Overview of PMML Version 3.0</description>
            <standardType>REPORTING</standardType>
            <specificationURL>file:/E:/PhD/PhD/PhDThesis/PhDApplication/Application_Documents/standards/An Overview of PMML.pdf</specificationURL>
            <release>3.0</release>
        </standardsList>
    </standards>
    <quality>
        <specificationsList xsi:type="qualitySpecification" version="1">
            <dateTime>Wed Mar 21 16:53:51 GMT 2012</dateTime>
            <description>This quality assurance ploicy document 
describes the quality assurance policy of the analysed data</description>
            <domainType>DATA</domainType>
            <qualityType>NON_FUNCTIONAL</qualityType>
            <specificationURL>file:/E:/PhD/PhD/PhDThesis/PhDApplication/Application_Documents/quality/data_quality_assurance_policy.txt</specificationURL>
            <release>1.0</release>
        </specificationsList>
        <specificationsList xsi:type="qualitySpecification" version="1">
            <dateTime>Wed Mar 21 16:53:51 GMT 2012</dateTime>
            <description>This document describes 
the standard policy regarding the process execution</description>
            <domainType>PROCEDURES</domainType>
            <qualityType>FUNCTIONAL</qualityType>
            <specificationURL>file:/E:/PhD/PhD/PhDThesis/PhDApplication/Application_Documents/quality/procedures_quality_assurance_policy.txt</specificationURL>
            <release>2.0</release>
        </specificationsList>
        <specificationsList xsi:type="qualitySpecification" version="1">
            <dateTime>Wed Mar 21 16:53:51 GMT 2012</dateTime>
            <description>This quality document describes 
the quality asurance of the process reports.</description>
            <domainType>REPORTS</domainType>
            <qualityType>NON_FUNCTIONAL</qualityType>
            <specificationURL>file:/E:/PhD/PhD/PhDThesis/PhDApplication/Application_Documents/quality/reports_quality_assurance_policy.txt</specificationURL>
            <release>3.0</release>
        </specificationsList>
    </quality>
</supplements>
