<?xml version="1.0" encoding="UTF-8" standalone="yes"?>
<planning xmlns:xsi="http://www.w3.org/2001/XMLSchema-instance" version="1" xsi:schemaLocation=" " xsi:noNamespaceSchemaLocation=" ">
    <dateTime>Mon Mar 12 16:49:18 GMT 2012</dateTime>
    <planList xsi:type="plan" version="1">
        <dateTime>Mon Mar 12 16:49:18 GMT 2012</dateTime>
        <presetPlanItem>
            <description>1. Identify the suitable data mining approach to be used for model building, based on the type of the process objectives defined in phase 1 and in light of the discussion in section 3.2.</description>
            <subPlanList xsi:type="planItem">
                <optional>false</optional>
            </subPlanList>
            <optional>false</optional>
        </presetPlanItem>
        <customisedPlanItem>
            <description>1. Identify the suitable data mining approach to be used for model building, based on the type of the process objectives defined in phase 1 and in light of the discussion in section 3.2.</description>
            <subPlanList xsi:type="planItem">
                <description></description>
                <optional>false</optional>
            </subPlanList>
            <optional>false</optional>
        </customisedPlanItem>
        <planner>
            <contactDetails>Aberyswtyth, wales, UK</contactDetails>
            <name>Ahmed BaniMustafa</name>
            <role>DATA_MINER</role>
            <level>NORMAL</level>
        </planner>
        <objectives version="1">
            <dateTime>Mon Mar 12 16:49:18 GMT 2012</dateTime>
            <objectivesList xsi:type="phaseObjective" version="1">
                <dateTime>Mon Mar 12 16:49:18 GMT 2012</dateTime>
                <objectiveType>FUNCTIONAL</objectiveType>
                <presetDescription>1. Selecting the data mining technique(s) that fulfil the defined process objectives and suit the targeted metabolomics data.</presetDescription>
                <fulfilled>false</fulfilled>
                <customisedDescription>1. Selecting the data mining technique(s) that fulfil the defined process objectives and suit the targeted metabolomics data.</customisedDescription>
                <customised>true</customised>
            </objectivesList>
        </objectives>
        <customised>true</customised>
        <performed>false</performed>
    </planList>
    <planList xsi:type="plan" version="1">
        <dateTime>Mon Mar 12 16:49:18 GMT 2012</dateTime>
        <presetPlanItem>
            <description>2. Match the process objective to the data mining goals and tasks, which are illustrated in figure 3.2(see section 3.3).</description>
            <subPlanList xsi:type="planItem">
                <optional>false</optional>
            </subPlanList>
            <optional>false</optional>
        </presetPlanItem>
        <customisedPlanItem>
            <description>2. Match the process objective to the data mining goals and tasks, which are illustrated in figure 3.2(see section 3.3).</description>
            <subPlanList xsi:type="planItem">
                <description></description>
                <optional>false</optional>
            </subPlanList>
            <optional>false</optional>
        </customisedPlanItem>
        <planner>
            <contactDetails>Aberyswtyth, wales, UK</contactDetails>
            <name>Ahmed BaniMustafa</name>
            <role>DATA_MINER</role>
            <level>NORMAL</level>
        </planner>
        <objectives version="1">
            <dateTime>Mon Mar 12 16:49:18 GMT 2012</dateTime>
            <objectivesList xsi:type="phaseObjective" version="1">
                <dateTime>Mon Mar 12 16:49:18 GMT 2012</dateTime>
                <objectiveType>FUNCTIONAL</objectiveType>
                <presetDescription>1. Selecting the data mining technique(s) that fulfil the defined process objectives and suit the targeted metabolomics data.</presetDescription>
                <fulfilled>false</fulfilled>
                <customisedDescription>1. Selecting the data mining technique(s) that fulfil the defined process objectives and suit the targeted metabolomics data.</customisedDescription>
                <customised>true</customised>
            </objectivesList>
            <objectivesList xsi:type="phaseObjective" version="1">
                <dateTime>Mon Mar 12 16:49:18 GMT 2012</dateTime>
                <objectiveType>MANAGEMENT_RELATED</objectiveType>
                <presetDescription>6. The selection procedures must be comprehensive and unbiased, and it must cover all possible data mining techniques (see section 3.4).</presetDescription>
                <fulfilled>false</fulfilled>
                <customisedDescription>6. The selection procedures must be comprehensive and unbiased, and it must cover all possible data mining techniques (see section 3.4).</customisedDescription>
                <customised>true</customised>
            </objectivesList>
        </objectives>
        <customised>true</customised>
        <performed>false</performed>
    </planList>
    <planList xsi:type="plan" version="1">
        <dateTime>Mon Mar 12 16:49:18 GMT 2012</dateTime>
        <presetPlanItem>
            <description>3. Match the process objective to the available data mining techniques using the illustration in table 3.1), and taking into consideration the results of data exploration phase regarding the nature, quality, and potential of the targeted data.</description>
            <subPlanList xsi:type="planItem">
                <optional>false</optional>
            </subPlanList>
            <optional>false</optional>
        </presetPlanItem>
        <customisedPlanItem>
            <description>3. Match the process objective to the available data mining techniques using the illustration in table 3.1), and taking into consideration the results of data exploration phase regarding the nature, quality, and potential of the targeted data.</description>
            <subPlanList xsi:type="planItem">
                <description></description>
                <optional>false</optional>
            </subPlanList>
            <optional>false</optional>
        </customisedPlanItem>
        <planner>
            <contactDetails>Aberyswtyth, wales, UK</contactDetails>
            <name>Ahmed BaniMustafa</name>
            <role>DATA_MINER</role>
            <level>NORMAL</level>
        </planner>
        <objectives version="1">
            <dateTime>Mon Mar 12 16:49:18 GMT 2012</dateTime>
            <objectivesList xsi:type="phaseObjective" version="1">
                <dateTime>Mon Mar 12 16:49:18 GMT 2012</dateTime>
                <objectiveType>FUNCTIONAL</objectiveType>
                <presetDescription>1. Selecting the data mining technique(s) that fulfil the defined process objectives and suit the targeted metabolomics data.</presetDescription>
                <fulfilled>false</fulfilled>
                <customisedDescription>1. Selecting the data mining technique(s) that fulfil the defined process objectives and suit the targeted metabolomics data.</customisedDescription>
                <customised>true</customised>
            </objectivesList>
            <objectivesList xsi:type="phaseObjective" version="1">
                <dateTime>Mon Mar 12 16:49:18 GMT 2012</dateTime>
                <objectiveType>FUNCTIONAL</objectiveType>
                <presetDescription>4. The selected technique must have the potential to achieve the defined process ob- jective.</presetDescription>
                <fulfilled>false</fulfilled>
                <customisedDescription>4. The selected technique must have the potential to achieve the defined process ob- jective.</customisedDescription>
                <customised>true</customised>
            </objectivesList>
            <objectivesList xsi:type="phaseObjective" version="1">
                <dateTime>Mon Mar 12 16:49:18 GMT 2012</dateTime>
                <objectiveType>MANAGEMENT_RELATED</objectiveType>
                <presetDescription>6. The selection procedures must be comprehensive and unbiased, and it must cover all possible data mining techniques (see section 3.4).</presetDescription>
                <fulfilled>false</fulfilled>
                <customisedDescription>6. The selection procedures must be comprehensive and unbiased, and it must cover all possible data mining techniques (see section 3.4).</customisedDescription>
                <customised>true</customised>
            </objectivesList>
        </objectives>
        <customised>true</customised>
        <performed>false</performed>
    </planList>
    <planList xsi:type="plan" version="1">
        <dateTime>Mon Mar 12 16:49:18 GMT 2012</dateTime>
        <presetPlanItem>
            <description>4. Based on the steps 1-3, select the data mining technique that would fulfil the defined objectives and suit the targeted data.</description>
            <subPlanList xsi:type="planItem">
                <optional>false</optional>
            </subPlanList>
            <optional>false</optional>
        </presetPlanItem>
        <customisedPlanItem>
            <description>4. Based on the steps 1-3, select the data mining technique that would fulfil the defined objectives and suit the targeted data.</description>
            <subPlanList xsi:type="planItem">
                <description></description>
                <optional>false</optional>
            </subPlanList>
            <optional>false</optional>
        </customisedPlanItem>
        <planner>
            <contactDetails>Aberyswtyth, wales, UK</contactDetails>
            <name>Ahmed BaniMustafa</name>
            <role>DATA_MINER</role>
            <level>NORMAL</level>
        </planner>
        <objectives version="1">
            <dateTime>Mon Mar 12 16:49:18 GMT 2012</dateTime>
            <objectivesList xsi:type="phaseObjective" version="1">
                <dateTime>Mon Mar 12 16:49:18 GMT 2012</dateTime>
                <objectiveType>FUNCTIONAL</objectiveType>
                <presetDescription>1. Selecting the data mining technique(s) that fulfil the defined process objectives and suit the targeted metabolomics data.</presetDescription>
                <fulfilled>false</fulfilled>
                <customisedDescription>1. Selecting the data mining technique(s) that fulfil the defined process objectives and suit the targeted metabolomics data.</customisedDescription>
                <customised>true</customised>
            </objectivesList>
            <objectivesList xsi:type="phaseObjective" version="1">
                <dateTime>Mon Mar 12 16:49:18 GMT 2012</dateTime>
                <objectiveType>FUNCTIONAL</objectiveType>
                <presetDescription>4. The selected technique must have the potential to achieve the defined process ob- jective.</presetDescription>
                <fulfilled>false</fulfilled>
                <customisedDescription>4. The selected technique must have the potential to achieve the defined process ob- jective.</customisedDescription>
                <customised>true</customised>
            </objectivesList>
            <objectivesList xsi:type="phaseObjective" version="1">
                <dateTime>Mon Mar 12 16:49:18 GMT 2012</dateTime>
                <objectiveType>MANAGEMENT_RELATED</objectiveType>
                <presetDescription>6. The selection procedures must be comprehensive and unbiased, and it must cover all possible data mining techniques (see section 3.4).</presetDescription>
                <fulfilled>false</fulfilled>
                <customisedDescription>6. The selection procedures must be comprehensive and unbiased, and it must cover all possible data mining techniques (see section 3.4).</customisedDescription>
                <customised>true</customised>
            </objectivesList>
        </objectives>
        <customised>true</customised>
        <performed>false</performed>
    </planList>
    <planList xsi:type="plan" version="1">
        <dateTime>Mon Mar 12 16:49:18 GMT 2012</dateTime>
        <presetPlanItem>
            <description>5. Identify the resources, which are required for applying the selected technique, e.g. software , hardware, expertise, etc.</description>
            <subPlanList xsi:type="planItem">
                <optional>false</optional>
            </subPlanList>
            <optional>false</optional>
        </presetPlanItem>
        <customisedPlanItem>
            <description>5. Identify the resources, which are required for applying the selected technique, e.g. software , hardware, expertise, etc.</description>
            <subPlanList xsi:type="planItem">
                <description></description>
                <optional>false</optional>
            </subPlanList>
            <optional>false</optional>
        </customisedPlanItem>
        <planner>
            <contactDetails>Aberyswtyth, wales, UK</contactDetails>
            <name>Ahmed BaniMustafa</name>
            <role>DATA_MINER</role>
            <level>NORMAL</level>
        </planner>
        <objectives version="1">
            <dateTime>Mon Mar 12 16:49:18 GMT 2012</dateTime>
            <objectivesList xsi:type="phaseObjective" version="1">
                <dateTime>Mon Mar 12 16:49:18 GMT 2012</dateTime>
                <objectiveType>MANAGEMENT_RELATED</objectiveType>
                <presetDescription>5. The application of the selected technique must be feasible, and it must consider the process management constraints and available resources.</presetDescription>
                <fulfilled>false</fulfilled>
                <customisedDescription>5. The application of the selected technique must be feasible, and it must consider the process management constraints and available resources.</customisedDescription>
                <customised>true</customised>
            </objectivesList>
        </objectives>
        <customised>true</customised>
        <performed>false</performed>
    </planList>
    <planList xsi:type="plan" version="1">
        <dateTime>Mon Mar 12 16:49:18 GMT 2012</dateTime>
        <presetPlanItem>
            <description>6. Perform the following assessments on the candidate technique: (a) Assess the potential fulfilment of the defined process objectives by the candidate technique; (b)  Assess the suitability of the candidate technique to the nature and quality of the data, as well as to its trends and expected patterns, based on the results of phase 3; (c) Assess the intense of the acclimatisation activities, which are required by the candidate technique; (d)  Assess  the  availability  of the  resources  required  for applying the  candidate technique; (e)  Assess the feasibility of the application of the candidate technique; In the case of the candidate techniques failure in assessments in step 6, consider selecting an alternative technique by repeating the steps 4-6.</description>
            <subPlanList xsi:type="planItem">
                <optional>false</optional>
            </subPlanList>
            <optional>false</optional>
        </presetPlanItem>
        <customisedPlanItem>
            <description>6. Perform the following assessments on the candidate technique: (a) Assess the potential fulfilment of the defined process objectives by the candidate technique; (b)  Assess the suitability of the candidate technique to the nature and quality of the data, as well as to its trends and expected patterns, based on the results of phase 3; (c) Assess the intense of the acclimatisation activities, which are required by the candidate technique; (d)  Assess  the  availability  of the  resources  required  for applying the  candidate technique; (e)  Assess the feasibility of the application of the candidate technique; In the case of the candidate techniques failure in assessments in step 6, consider selecting an alternative technique by repeating the steps 4-6.</description>
            <subPlanList xsi:type="planItem">
                <description></description>
                <optional>false</optional>
            </subPlanList>
            <optional>false</optional>
        </customisedPlanItem>
        <planner>
            <contactDetails>Aberyswtyth, wales, UK</contactDetails>
            <name>Ahmed BaniMustafa</name>
            <role>DATA_MINER</role>
            <level>NORMAL</level>
        </planner>
        <objectives version="1">
            <dateTime>Mon Mar 12 16:49:18 GMT 2012</dateTime>
            <objectivesList xsi:type="phaseObjective" version="1">
                <dateTime>Mon Mar 12 16:49:18 GMT 2012</dateTime>
                <objectiveType>MANAGEMENT_RELATED</objectiveType>
                <presetDescription>6. The selection procedures must be comprehensive and unbiased, and it must cover all possible data mining techniques (see section 3.4).</presetDescription>
                <fulfilled>false</fulfilled>
                <customisedDescription>6. The selection procedures must be comprehensive and unbiased, and it must cover all possible data mining techniques (see section 3.4).</customisedDescription>
                <customised>true</customised>
            </objectivesList>
            <objectivesList xsi:type="phaseObjective" version="1">
                <dateTime>Mon Mar 12 16:49:18 GMT 2012</dateTime>
                <objectiveType>MANAGEMENT_RELATED</objectiveType>
                <presetDescription>5. The application of the selected technique must be feasible, and it must consider the process management constraints and available resources.</presetDescription>
                <fulfilled>false</fulfilled>
                <customisedDescription>5. The application of the selected technique must be feasible, and it must consider the process management constraints and available resources.</customisedDescription>
                <customised>true</customised>
            </objectivesList>
            <objectivesList xsi:type="phaseObjective" version="1">
                <dateTime>Mon Mar 12 16:49:18 GMT 2012</dateTime>
                <objectiveType>FUNCTIONAL</objectiveType>
                <presetDescription>4. The selected technique must have the potential to achieve the defined process ob- jective.</presetDescription>
                <fulfilled>false</fulfilled>
                <customisedDescription>4. The selected technique must have the potential to achieve the defined process ob- jective.</customisedDescription>
                <customised>true</customised>
            </objectivesList>
        </objectives>
        <customised>true</customised>
        <performed>false</performed>
    </planList>
    <planList xsi:type="plan" version="1">
        <dateTime>Mon Mar 12 16:49:18 GMT 2012</dateTime>
        <presetPlanItem>
            <description>7. Identify the performance measurements, which are applicable to the selected technique, e.g. accuracy, sensitivity, precision, specificity, etc.</description>
            <subPlanList xsi:type="planItem">
                <optional>false</optional>
            </subPlanList>
            <optional>false</optional>
        </presetPlanItem>
        <customisedPlanItem>
            <description>7. Identify the performance measurements, which are applicable to the selected technique, e.g. accuracy, sensitivity, precision, specificity, etc.</description>
            <subPlanList xsi:type="planItem">
                <description></description>
                <optional>false</optional>
            </subPlanList>
            <optional>false</optional>
        </customisedPlanItem>
        <planner>
            <contactDetails>Aberyswtyth, wales, UK</contactDetails>
            <name>Ahmed BaniMustafa</name>
            <role>DATA_MINER</role>
            <level>NORMAL</level>
        </planner>
        <objectives version="1">
            <dateTime>Mon Mar 12 16:49:18 GMT 2012</dateTime>
            <objectivesList xsi:type="phaseObjective" version="1">
                <dateTime>Mon Mar 12 16:49:18 GMT 2012</dateTime>
                <objectiveType>MANAGEMENT_RELATED</objectiveType>
                <presetDescription>2. The selected technique performance must be measurable in model evaluation.</presetDescription>
                <fulfilled>false</fulfilled>
                <customisedDescription>2. The selected technique performance must be measurable in model evaluation.</customisedDescription>
                <customised>true</customised>
            </objectivesList>
        </objectives>
        <customised>true</customised>
        <performed>false</performed>
    </planList>
    <planList xsi:type="plan" version="1">
        <dateTime>Mon Mar 12 16:49:18 GMT 2012</dateTime>
        <presetPlanItem>
            <description>8. Define the success criteria, based on the identify measurement.</description>
            <subPlanList xsi:type="planItem">
                <optional>false</optional>
            </subPlanList>
            <optional>false</optional>
        </presetPlanItem>
        <customisedPlanItem>
            <description>8. Define the success criteria, based on the identify measurement.</description>
            <subPlanList xsi:type="planItem">
                <description></description>
                <optional>false</optional>
            </subPlanList>
            <optional>false</optional>
        </customisedPlanItem>
        <planner>
            <contactDetails>Aberyswtyth, wales, UK</contactDetails>
            <name>Ahmed BaniMustafa</name>
            <role>DATA_MINER</role>
            <level>NORMAL</level>
        </planner>
        <objectives version="1">
            <dateTime>Mon Mar 12 16:49:18 GMT 2012</dateTime>
            <objectivesList xsi:type="phaseObjective" version="1">
                <dateTime>Mon Mar 12 16:49:18 GMT 2012</dateTime>
                <objectiveType>FUNCTIONAL</objectiveType>
                <presetDescription>4. The selected technique must have the potential to achieve the defined process ob- jective.</presetDescription>
                <fulfilled>false</fulfilled>
                <customisedDescription>4. The selected technique must have the potential to achieve the defined process ob- jective.</customisedDescription>
                <customised>true</customised>
            </objectivesList>
        </objectives>
        <customised>true</customised>
        <performed>false</performed>
    </planList>
    <planList xsi:type="plan" version="1">
        <dateTime>Mon Mar 12 16:49:18 GMT 2012</dateTime>
        <presetPlanItem>
            <description>9. Define a mechanism for applying the selected modelling technique, considering its required resources identified in 5 and assessed in 6.</description>
            <subPlanList xsi:type="planItem">
                <optional>false</optional>
            </subPlanList>
            <optional>false</optional>
        </presetPlanItem>
        <customisedPlanItem>
            <description>9. Define a mechanism for applying the selected modelling technique, considering its required resources identified in 5 and assessed in 6.</description>
            <subPlanList xsi:type="planItem">
                <description></description>
                <optional>false</optional>
            </subPlanList>
            <optional>false</optional>
        </customisedPlanItem>
        <planner>
            <contactDetails>Aberyswtyth, wales, UK</contactDetails>
            <name>Ahmed BaniMustafa</name>
            <role>DATA_MINER</role>
            <level>NORMAL</level>
        </planner>
        <objectives version="1">
            <dateTime>Mon Mar 12 16:49:18 GMT 2012</dateTime>
            <objectivesList xsi:type="phaseObjective" version="1">
                <dateTime>Mon Mar 12 16:49:18 GMT 2012</dateTime>
                <objectiveType>FUNCTIONAL</objectiveType>
                <presetDescription>7. The selection strategy must be flexible and adjustable and consider the selection of alternative techniques in the case of feedback or iteration.</presetDescription>
                <fulfilled>false</fulfilled>
                <customisedDescription>7. The selection strategy must be flexible and adjustable and consider the selection of alternative techniques in the case of feedback or iteration.</customisedDescription>
                <customised>true</customised>
            </objectivesList>
            <objectivesList xsi:type="phaseObjective" version="1">
                <dateTime>Mon Mar 12 16:49:18 GMT 2012</dateTime>
                <objectiveType>MANAGEMENT_RELATED</objectiveType>
                <presetDescription>5. The application of the selected technique must be feasible, and it must consider the process management constraints and available resources.</presetDescription>
                <fulfilled>false</fulfilled>
                <customisedDescription>5. The application of the selected technique must be feasible, and it must consider the process management constraints and available resources.</customisedDescription>
                <customised>true</customised>
            </objectivesList>
            <objectivesList xsi:type="phaseObjective" version="1">
                <dateTime>Mon Mar 12 16:49:18 GMT 2012</dateTime>
                <objectiveType>FUNCTIONAL</objectiveType>
                <presetDescription>4. The selected technique must have the potential to achieve the defined process ob- jective.</presetDescription>
                <fulfilled>false</fulfilled>
                <customisedDescription>4. The selected technique must have the potential to achieve the defined process ob- jective.</customisedDescription>
                <customised>true</customised>
            </objectivesList>
            <objectivesList xsi:type="phaseObjective" version="1">
                <dateTime>Mon Mar 12 16:49:18 GMT 2012</dateTime>
                <objectiveType>MANAGEMENT_RELATED</objectiveType>
                <presetDescription>2. The selected technique performance must be measurable in model evaluation.</presetDescription>
                <fulfilled>false</fulfilled>
                <customisedDescription>2. The selected technique performance must be measurable in model evaluation.</customisedDescription>
                <customised>true</customised>
            </objectivesList>
            <objectivesList xsi:type="phaseObjective" version="1">
                <dateTime>Mon Mar 12 16:49:18 GMT 2012</dateTime>
                <objectiveType>FUNCTIONAL</objectiveType>
                <presetDescription>1. Selecting the data mining technique(s) that fulfil the defined process objectives and suit the targeted metabolomics data.</presetDescription>
                <fulfilled>false</fulfilled>
                <customisedDescription>1. Selecting the data mining technique(s) that fulfil the defined process objectives and suit the targeted metabolomics data.</customisedDescription>
                <customised>true</customised>
            </objectivesList>
        </objectives>
        <resources/>
        <customised>true</customised>
        <performed>false</performed>
    </planList>
</planning>
