<?xml version="1.0" encoding="UTF-8" standalone="yes"?>
<planning xmlns:xsi="http://www.w3.org/2001/XMLSchema-instance" version="1" xsi:schemaLocation=" " xsi:noNamespaceSchemaLocation=" ">
    <dateTime>Mon Mar 12 16:49:19 GMT 2012</dateTime>
    <planList xsi:type="plan" version="1">
        <dateTime>Mon Mar 12 16:49:19 GMT 2012</dateTime>
        <presetPlanItem>
            <description>1. Identify the requirements for the selected data mining technique in terms of the data structure, data types, file format, data size, and quality.</description>
            <subPlanList xsi:type="planItem">
                <optional>false</optional>
            </subPlanList>
            <optional>false</optional>
        </presetPlanItem>
        <customisedPlanItem>
            <description>1. Identify the requirements for the selected data mining technique in terms of the data structure, data types, file format, data size, and quality.</description>
            <subPlanList xsi:type="planItem">
                <description></description>
                <optional>false</optional>
            </subPlanList>
            <optional>false</optional>
        </customisedPlanItem>
        <objectives version="1">
            <dateTime>Mon Mar 12 16:49:19 GMT 2012</dateTime>
            <objectivesList xsi:type="phaseObjective" version="1">
                <dateTime>Mon Mar 12 16:49:19 GMT 2012</dateTime>
                <objectiveType>HUMAN_RELATED</objectiveType>
                <presetDescription>4. The requirements of data acclimatisation procedures must be considered including: time, cost, expertise as well as software and hardware infrastructures.</presetDescription>
                <fulfilled>false</fulfilled>
                <customisedDescription>4. The requirements of data acclimatisation procedures must be considered including: time, cost, expertise as well as software and hardware infrastructures.</customisedDescription>
                <customised>true</customised>
            </objectivesList>
        </objectives>
        <customised>true</customised>
        <performed>false</performed>
    </planList>
    <planList xsi:type="plan" version="1">
        <dateTime>Mon Mar 12 16:49:19 GMT 2012</dateTime>
        <presetPlanItem>
            <description>2. Identify the data acclimatisation procedures, which must be applied to the targeted data, in order to make it suitable for the selected data mining technique. The details of these procedures have been discussed in chapter~\ref{chap:Development} (see section~\ref{subsect:DataAcclimatisation}.   </description>
            <subPlanList xsi:type="planItem">
                <optional>false</optional>
            </subPlanList>
            <optional>false</optional>
        </presetPlanItem>
        <customisedPlanItem>
            <description>2. Identify the data acclimatisation procedures, which must be applied to the targeted data, in order to make it suitable for the selected data mining technique. The details of these procedures have been discussed in chapter~\ref{chap:Development} (see section~\ref{subsect:DataAcclimatisation}.   </description>
            <subPlanList xsi:type="planItem">
                <description></description>
                <optional>false</optional>
            </subPlanList>
            <optional>false</optional>
        </customisedPlanItem>
        <objectives version="1">
            <dateTime>Mon Mar 12 16:49:19 GMT 2012</dateTime>
            <objectivesList xsi:type="phaseObjective" version="1">
                <dateTime>Mon Mar 12 16:49:19 GMT 2012</dateTime>
                <objectiveType>FUNCTIONAL</objectiveType>
                <presetDescription>3. The data acclimatisation procedures must be carried out in light of the defined process objectives and to fulfil those precise objectives intended by the selected data mining modelling technique(s).</presetDescription>
                <fulfilled>false</fulfilled>
                <customisedDescription>3. The data acclimatisation procedures must be carried out in light of the defined process objectives and to fulfil those precise objectives intended by the selected data mining modelling technique(s).</customisedDescription>
                <customised>true</customised>
            </objectivesList>
            <objectivesList xsi:type="phaseObjective" version="1">
                <dateTime>Mon Mar 12 16:49:19 GMT 2012</dateTime>
                <objectiveType>FUNCTIONAL</objectiveType>
                <presetDescription>5. The data acclimatisation procedures must be adequate, sufficient and comprehensive to cover all the data required for model building, training and testing.</presetDescription>
                <fulfilled>false</fulfilled>
                <customisedDescription>5. The data acclimatisation procedures must be adequate, sufficient and comprehensive to cover all the data required for model building, training and testing.</customisedDescription>
                <customised>true</customised>
            </objectivesList>
            <objectivesList xsi:type="phaseObjective" version="1">
                <dateTime>Mon Mar 12 16:49:19 GMT 2012</dateTime>
                <objectiveType>FUNCTIONAL</objectiveType>
                <presetDescription>6. The data acclimatisation procedures must not influence the data through twisting, drifting, or changing their meanings, and must not cause problems, gaps, or loses of information.</presetDescription>
                <fulfilled>false</fulfilled>
                <customisedDescription>6. The data acclimatisation procedures must not influence the data through twisting, drifting, or changing their meanings, and must not cause problems, gaps, or loses of information.</customisedDescription>
                <customised>true</customised>
            </objectivesList>
        </objectives>
        <customised>true</customised>
        <performed>false</performed>
    </planList>
    <planList xsi:type="plan" version="1">
        <dateTime>Mon Mar 12 16:49:19 GMT 2012</dateTime>
        <presetPlanItem>
            <description>3. Identify the requirements of the data acclimatisation procedures.</description>
            <subPlanList xsi:type="planItem">
                <optional>false</optional>
            </subPlanList>
            <optional>false</optional>
        </presetPlanItem>
        <customisedPlanItem>
            <description>3. Identify the requirements of the data acclimatisation procedures.</description>
            <subPlanList xsi:type="planItem">
                <description></description>
                <optional>false</optional>
            </subPlanList>
            <optional>false</optional>
        </customisedPlanItem>
        <objectives version="1">
            <dateTime>Mon Mar 12 16:49:19 GMT 2012</dateTime>
            <objectivesList xsi:type="phaseObjective" version="1">
                <dateTime>Mon Mar 12 16:49:19 GMT 2012</dateTime>
                <objectiveType>HUMAN_RELATED</objectiveType>
                <presetDescription>4. The requirements of data acclimatisation procedures must be considered including: time, cost, expertise as well as software and hardware infrastructures.</presetDescription>
                <fulfilled>false</fulfilled>
                <customisedDescription>4. The requirements of data acclimatisation procedures must be considered including: time, cost, expertise as well as software and hardware infrastructures.</customisedDescription>
                <customised>true</customised>
            </objectivesList>
        </objectives>
        <resources>
            <resourcesList xsi:type="resource">
                <description>Ms Office</description>
                <resourceType>SOFTWARE</resourceType>
                <cost>0.0</cost>
                <quantiy>0.0</quantiy>
                <requirements>
                    <requirementsList xsi:type="resource">
                        <cost>0.0</cost>
                        <quantiy>0.0</quantiy>
                    </requirementsList>
                </requirements>
            </resourcesList>
            <resourcesList xsi:type="resource">
                <description>R</description>
                <resourceType>SOFTWARE</resourceType>
                <cost>0.0</cost>
                <quantiy>0.0</quantiy>
                <requirements>
                    <requirementsList xsi:type="resource">
                        <cost>0.0</cost>
                        <quantiy>0.0</quantiy>
                    </requirementsList>
                </requirements>
            </resourcesList>
            <resourcesList xsi:type="resource">
                <description>Weka</description>
                <resourceType>SOFTWARE</resourceType>
                <cost>0.0</cost>
                <quantiy>0.0</quantiy>
                <requirements>
                    <requirementsList xsi:type="resource">
                        <cost>0.0</cost>
                        <quantiy>0.0</quantiy>
                    </requirementsList>
                </requirements>
            </resourcesList>
            <resourcesList xsi:type="resource">
                <description>Orange</description>
                <resourceType>SOFTWARE</resourceType>
                <cost>0.0</cost>
                <quantiy>0.0</quantiy>
                <requirements>
                    <requirementsList xsi:type="resource">
                        <cost>0.0</cost>
                        <quantiy>0.0</quantiy>
                    </requirementsList>
                </requirements>
            </resourcesList>
        </resources>
        <customised>true</customised>
        <performed>false</performed>
    </planList>
    <planList xsi:type="plan" version="1">
        <dateTime>Mon Mar 12 16:49:19 GMT 2012</dateTime>
        <presetPlanItem>
            <description>4. Perform the identified acclimatisation procedures and record their purpose and description.</description>
            <subPlanList xsi:type="planItem">
                <optional>false</optional>
            </subPlanList>
            <optional>false</optional>
        </presetPlanItem>
        <customisedPlanItem>
            <description>4. Perform the identified acclimatisation procedures and record their purpose and description.</description>
            <subPlanList xsi:type="planItem">
                <description></description>
                <optional>false</optional>
            </subPlanList>
            <optional>false</optional>
        </customisedPlanItem>
        <objectives version="1">
            <dateTime>Mon Mar 12 16:49:19 GMT 2012</dateTime>
            <objectivesList xsi:type="phaseObjective" version="1">
                <dateTime>Mon Mar 12 16:49:19 GMT 2012</dateTime>
                <objectiveType>FUNCTIONAL</objectiveType>
                <presetDescription>1. Acclimatise the targeted data to suit the modelling technique(s) and meet its/ their modelling requirements in terms of their input data structure, data types, file format, size and quality.   </presetDescription>
                <fulfilled>false</fulfilled>
                <customisedDescription>1. Acclimatise the targeted data to suit the modelling technique(s) and meet its/ their modelling requirements in terms of their input data structure, data types, file format, size and quality.   </customisedDescription>
                <customised>true</customised>
            </objectivesList>
        </objectives>
        <customised>true</customised>
        <performed>false</performed>
    </planList>
    <planList xsi:type="plan" version="1">
        <dateTime>Mon Mar 12 16:49:19 GMT 2012</dateTime>
        <presetPlanItem>
            <description>5. In the case of compound modelling, e.g. PCA-ANN, the following steps should be carried out for each of the sub-models involved:(a) The data is acclimatised for the first sub-modelling technique in the sequence, e.g. PCA; (b)  The sub-model is built and evaluated; (c) The output of the sub-modelling are forwarded towards the next phase (model building) after performing the necessary procedure and activities to acclimatise and prepare the data to suit the requirement of the main model and achieve its  objectives  (In the  case  of multiple  sub-modelling,  the  last  model  in the sequence is treated as the main model, and the steps a-c is repeated for each of the sub-models);</description>
            <subPlanList xsi:type="planItem">
                <optional>false</optional>
            </subPlanList>
            <optional>false</optional>
        </presetPlanItem>
        <customisedPlanItem>
            <description>5. In the case of compound modelling, e.g. PCA-ANN, the following steps should be carried out for each of the sub-models involved:(a) The data is acclimatised for the first sub-modelling technique in the sequence, e.g. PCA; (b)  The sub-model is built and evaluated; (c) The output of the sub-modelling are forwarded towards the next phase (model building) after performing the necessary procedure and activities to acclimatise and prepare the data to suit the requirement of the main model and achieve its  objectives  (In the  case  of multiple  sub-modelling,  the  last  model  in the sequence is treated as the main model, and the steps a-c is repeated for each of the sub-models);</description>
            <subPlanList xsi:type="planItem">
                <description></description>
                <optional>false</optional>
            </subPlanList>
            <optional>false</optional>
        </customisedPlanItem>
        <objectives version="1">
            <dateTime>Mon Mar 12 16:49:19 GMT 2012</dateTime>
            <objectivesList xsi:type="phaseObjective" version="1">
                <dateTime>Mon Mar 12 16:49:19 GMT 2012</dateTime>
                <objectiveType>FUNCTIONAL</objectiveType>
                <presetDescription>8. Acclimatisation should consider selecting more than one technique (compound modelling) which involves sub-modelling, e.g. PCA-ANN. Sub-modelling should be performed iteratively within the boundaries and context of data acclimatisation.</presetDescription>
                <fulfilled>false</fulfilled>
                <customisedDescription>8. Acclimatisation should consider selecting more than one technique (compound modelling) which involves sub-modelling, e.g. PCA-ANN. Sub-modelling should be performed iteratively within the boundaries and context of data acclimatisation.</customisedDescription>
                <customised>true</customised>
            </objectivesList>
        </objectives>
        <customised>true</customised>
        <performed>false</performed>
    </planList>
    <planList xsi:type="plan" version="1">
        <dateTime>Mon Mar 12 16:49:19 GMT 2012</dateTime>
        <presetPlanItem>
            <description>6. Decide the data splitting strategy which will be used to choose the model testing data, e.g. holdout, bootstrap, random sub-sampling, validation and cross-validation.</description>
            <subPlanList xsi:type="planItem">
                <optional>false</optional>
            </subPlanList>
            <optional>false</optional>
        </presetPlanItem>
        <customisedPlanItem>
            <description>6. Decide the data splitting strategy which will be used to choose the model testing data, e.g. holdout, bootstrap, random sub-sampling, validation and cross-validation.</description>
            <subPlanList xsi:type="planItem">
                <description></description>
                <optional>false</optional>
            </subPlanList>
            <optional>false</optional>
        </customisedPlanItem>
        <objectives version="1">
            <dateTime>Mon Mar 12 16:49:19 GMT 2012</dateTime>
            <objectivesList xsi:type="phaseObjective" version="1">
                <dateTime>Mon Mar 12 16:49:19 GMT 2012</dateTime>
                <objectiveType>FUNCTIONAL</objectiveType>
                <presetDescription>2. Prepare the metabolomics data for model building and training, as well as for model testing and evaluation.</presetDescription>
                <fulfilled>false</fulfilled>
                <customisedDescription>2. Prepare the metabolomics data for model building and training, as well as for model testing and evaluation.</customisedDescription>
                <customised>true</customised>
            </objectivesList>
            <objectivesList xsi:type="phaseObjective" version="1">
                <dateTime>Mon Mar 12 16:49:19 GMT 2012</dateTime>
                <objectiveType>FUNCTIONAL</objectiveType>
                <presetDescription>1. Acclimatise the targeted data to suit the modelling technique(s) and meet its/ their modelling requirements in terms of their input data structure, data types, file format, size and quality.   </presetDescription>
                <fulfilled>false</fulfilled>
                <customisedDescription>1. Acclimatise the targeted data to suit the modelling technique(s) and meet its/ their modelling requirements in terms of their input data structure, data types, file format, size and quality.   </customisedDescription>
                <customised>true</customised>
            </objectivesList>
        </objectives>
        <customised>true</customised>
        <performed>false</performed>
    </planList>
    <planList xsi:type="plan" version="1">
        <dateTime>Mon Mar 12 16:49:19 GMT 2012</dateTime>
        <presetPlanItem>
            <description>7. Split the data according the decided strategy to obtain the data which will be used in model testing.</description>
            <subPlanList xsi:type="planItem">
                <optional>false</optional>
            </subPlanList>
            <optional>false</optional>
        </presetPlanItem>
        <customisedPlanItem>
            <description>7. Split the data according the decided strategy to obtain the data which will be used in model testing.</description>
            <subPlanList xsi:type="planItem">
                <description></description>
                <optional>false</optional>
            </subPlanList>
            <optional>false</optional>
        </customisedPlanItem>
        <objectives version="1">
            <dateTime>Mon Mar 12 16:49:19 GMT 2012</dateTime>
            <objectivesList xsi:type="phaseObjective" version="1">
                <dateTime>Mon Mar 12 16:49:19 GMT 2012</dateTime>
                <objectiveType>FUNCTIONAL</objectiveType>
                <presetDescription>2. Prepare the metabolomics data for model building and training, as well as for model testing and evaluation.</presetDescription>
                <fulfilled>false</fulfilled>
                <customisedDescription>2. Prepare the metabolomics data for model building and training, as well as for model testing and evaluation.</customisedDescription>
                <customised>true</customised>
            </objectivesList>
        </objectives>
        <customised>true</customised>
        <performed>false</performed>
    </planList>
</planning>
